Level,LevelType,LevelArrangement,ScrewTypes,ScrewCapacities,ScrewPositions,NutTypes,NutColors
1,0,1,"1,1","4,4","0,0;0,2","1;1,1,1","2;2,2,2"
1,1,14,"1,1,1,1,1,1,1,2","3,3,3,3,3,3,3,3","9,2;9,6;6,0;6,4;6,8;3,2;3,6;0,4","1,1,1;1,1,1;1,1,1;1,1,1;1,1,1;;;","4,10,12;9,6,9;6,12,4;6,10,4;12,10,9;;;"
2,0,2,"1,1,1","4,4,4","0,0;0,2;0,4","1,1,1,1;1,1,1,1;","10,2,10,2;2,10,2,10;"
2,1,15,"1,1,1,1,1,1,2","3,3,3,3,3,3,3","9,2;9,6;6,0;6,8;3,2;0,4;3,6","1,1,1;1,1,1;1,1,1;1,1,1;1,1,1;;","6,9,10;12,4,4;10,10,9;9,6,4;6,12,12;;"
3,0,4,"1,1,1,1,1,2","4,4,4,4,4,4","4,0;4,2;4,4;0,4","1,1,1,1;1,1,1,1;1,1,1,1;","4,4,10,10;10,10,9,4;4,9,9,9;"
3,1,16,"1,1,1,1,1,1,2","3,3,8,8,8,3,3","4,6;4,8;0,8;0,0;0,4;0,2;0,6",";;;1,1,1,1,1,1,1,1;1,1,1,1,1,1,1,1;1,1,1,1,1,1,1,1;",";;;9,9,10,10,4,9,4,10;4,10,10,4,9,9,10,4;4,10,9,10,4,9,4,9;"
4,0,4,"1,1,1,1,1,2","4,4,4,4,4,4","4,0;4,2;4,4;0,4","1,1,1,1;1,1,1,1;1,1,1,1;","10,9,10,9;4,10,9,4;4,4,10,9;"
4,1,19,"1,1,1,1,1,1,1,2","3,3,3,3,3,3,3,3","6,0;6,4;6,8;3,2;3,6;0,0;0,4;0,8","1,1,1;1,1,1;1,1,1;1,1,1;1,1,1;1,1,1;;","4,6,4;9,6,4;12,10,10;12,9,5;5,12,10;6,5,9;;"
5,0,9,"1,1,1,1,1,1,1,2","4,4,4,4,4,4,4,4","4,0;4,2;4,4;4,6;0,0","1,2,2,2;1,2,2,2;1,2,2,2;1,2,2,2;1,2,2,2","6,4,9,12;10,9,10,6;6,4,12,9;4,10,6,9;4,10,12,12"
5,1,22,"1,1,1,1,1,1,1,1,1,1,1,2","3,3,3,3,3,3,3,3,3,3,3,3","10,4;9,2;9,6;7,0;7,8;5,3;5,5;3,0;1,2;1,6;0,4;3,8","1,1,1;1,1,1;1,1,1;1,1,1;1,1,1;1,1,1;1,1,1;1,1,1;1,1,1;;;","5,12,6;7,10,1;10,9,9;4,7,7;3,10,5;12,3,12;5,1,4;6,3,4;1,9,6;;;"
6,0,9,"1,1,1,1,1,1,1,2","4,4,4,4,4,4,4,4","4,0;4,2;4,4;4,6;0,0","1,1,1,1;1,1,1,1;1,1,1,1;1,1,1,1;1,1,1,1","6,9,6,4;12,12,12,10;12,6,10,9;9,10,9,6;10,4,4,4"
6,1,21,"1,1,1,1,1,1,1,2","6,6,6,6,6,6,6,4","4,0;4,2;4,4;4,6;0,0;0,2;0,4","1,1,1,1,1,1;1,1,1,1,1,1;1,1,1,1,1,1;1,1,1,1,1,1;1,1,1,1,1,1;;","10,6,4,12,4,9;10,6,10,6,6,12;9,10,4,6,9,9;4,9,6,12,10,4;12,4,9,10,12,12;;"
7,0,9,"1,1,1,1,1,1,1,2","4,4,4,4,4,4,4,4","4,0;4,2;4,4;4,6;0,0","1,1,1,1;1,1,1,1;1,1,1,1;1,1,1,1;1,1,1,1","4,10,6,12;9,10,9,12;9,10,4,4;9,4,6,6;6,12,10,12"
7,1,15,"1,1,1,1,1,1,2","3,3,3,3,3,3,3","9,2;9,6;6,0;6,8;3,2;3,6;0,4","1,1,1;1,1,1;1,1,1;1,1,1;1,1,1;;","4,4,12;4,12,6;10,9,6;10,6,12;9,9,10;;"
8,0,9,"1,1,1,1,1,1,1,2","4,4,4,4,4,4,4,4","4,0;4,2;4,4;4,6;0,0","1,2,2,2;1,2,2,2;1,2,2,2;1,2,2,2;1,2,2,2","4,12,9,12;10,4,10,6;9,6,6,9;6,12,10,4;9,10,12,4"
8,1,23,"1,1,1,1,1,1,1,1,1,2","3,3,3,3,3,3,3,3,3,3","9,0;9,4;9,8;6,2;6,6;3,0;3,4;3,8;0,2;0,6","1,1,1;1,1,1;1,1,1;1,1,1;1,1,1;1,1,1;1,1,1;1,1,1;;","6,12,3;4,10,12;9,4,9;5,3,6;5,12,10;5,7,6;7,9,10;4,3,7;;"
9,0,9,"1,1,1,1,1,1,1,2","4,4,4,4,4,4,4,4","4,0;4,2;4,4;4,6;0,0","1,1,1,1;1,1,1,1;1,1,1,1;1,1,1,1;1,1,1,1","4,12,10,6;6,4,10,6;9,12,12,10;6,9,9,10;4,4,9,12"
9,1,24,"1,1,1,1,1,1,2","3,3,3,8,8,8,3","4,0;4,8;0,0;0,2;0,4;0,6;0,8",";;;1,1,1,1,1,1,1,1;1,1,1,1,1,1,1,1;1,1,1,1,1,1,1,1;",";;;10,9,10,9,10,4,9,4;10,9,10,4,10,4,10,9;4,9,4,9,4,10,9,4;"
10,0,8,"1,1,1,1,1,1,1,1,1,2","4,4,4,4,4,4,4,4,4,4","8,0;8,2;8,4;8,6;4,1;4,3;4,5","1,1,1,1;1,1,1,1;1,1,1,1;1,1,1,1;1,1,1,1;1,1,1,1;1,1,1,1","10,12,7,7;4,12,4,6;12,9,9,6;10,6,7,9;7,9,6,10;5,5,10,4;12,5,5,4"
10,1,13,"1,1,1,1,1,1,1,1,1,1,1,1,1,1,2","3,3,3,3,3,3,3,3,3,3,3,3,3,3,3","8,0;8,2;8,4;8,6;8,8;4,0;4,2;4,4;4,6;4,8;0,0;0,2;0,4;0,6;0,8","1,1,1;1,1,1;1,1,1;1,1,1;1,1,1;1,1,1;1,1,1;1,1,1;1,1,1;1,1,1;1,1,1;1,1,1;;;","7,5,4;7,9,6;9,6,10;9,1,12;7,8,1;10,2,10;11,3,1;5,2,5;11,11,8;3,12,3;4,12,6;8,2,4;;;"
11,0,8,"1,1,1,1,1,1,1,1,1,2","4,4,4,4,4,4,4,4,4,4","8,0;8,2;8,4;8,6;4,1;4,3;4,5;0,5","1,2,2,2;1,2,2,2;1,2,2,2;1,2,2,2;1,2,2,2;1,2,2,2;1,2,2,2;","7,10,12,4;10,10,4,7;5,12,6,6;5,4,6,4;9,6,10,5;9,7,9,9;12,12,5,7;"
11,1,25,"1,1,1,1,1,1,1,1,1,1,1,2","3,3,3,3,3,3,3,3,3,3,3,3","9,4;8,2;8,6;6,0;6,8;4,2;5,4;4,6;2,0;2,8;0,3;0,5","1,1,1;1,1,1;1,1,1;1,1,1;1,1,1;1,1,1;1,1,1;1,1,1;1,1,1;;;","7,6,10;1,7,7;12,6,6;10,5,10;1,4,5;12,3,3;5,12,1;9,9,4;3,4,9;;;"
12,0,9,"1,1,1,1,1,1,1,2","4,4,4,4,4,4,4,4","4,0;4,2;4,4;4,6;0,0;0,6","1,1,1,1;1,1,1,1;1,1,1,1;1,1,1,1;1,1,1,1;","6,10,12,9;12,12,6,4;4,6,4,9;12,10,9,4;6,10,9,10;"
12,1,17,"1,1,1,1,2","8,8,8,8,4","5,0;5,2;5,4;0,1","1,1,1,1,1,1,1,1;1,1,1,1,1,1,1,1;1,1,1,1,1,1,1,1;","10,4,9,10,9,4,10,4;10,9,10,4,10,9,4,9;4,9,10,9,4,10,9,4;"
13,0,8,"1,1,1,1,1,1,1,1,1,2","4,4,4,4,4,4,4,4,4,4","8,0;8,2;8,4;8,6;4,1;4,3;4,5;0,5","1,1,1,1;1,1,1,1;1,1,1,1;1,1,1,1;1,1,1,1;1,1,1,1;1,1,1,1;","5,7,6,5;10,12,6,4;5,4,10,12;5,12,12,9;9,4,10,7;7,4,9,6;10,9,7,6;"
13,1,26,"1,1,1,1,1,1,1,1,1,2","3,3,3,3,3,3,3,3,3,3","10,4;9,2;9,6;7,0;7,8;3,0;1,2;0,4;3,8","1,1,1;1,1,1;1,1,1;1,1,1;1,1,1;1,1,1;1,1,1;1,1,1;","3,10,3;5,6,7;4,7,9;4,6,9;10,12,5;12,7,10;4,3,6;9,5,12;"
14,0,8,"1,1,1,1,1,1,1,1,1,2","4,4,4,4,4,4,4,4,4,4","8,0;8,2;8,4;8,6;4,1;4,3;4,5;0,5","1,2,2,2;1,2,2,2;1,2,2,2;1,2,2,2;1,2,2,2;1,2,2,2;1,2,2,2;","10,6,5,10;5,12,5,9;9,6,7,4;4,4,4,7;6,12,9,10;12,7,9,7;10,5,12,6;"
14,1,19,"1,1,1,1,1,1,1,2","3,3,3,3,3,3,3,3","6,0;6,4;6,8;3,2;3,6;0,0;0,8","1,1,1;1,1,1;1,1,1;1,1,1;1,1,1;1,1,1;","9,5,10;6,4,9;4,5,10;6,12,4;12,9,5;6,10,12;"
15,0,9,"1,1,1,1,1,1,1,2","4,4,4,4,4,4,4,4","4,0;4,2;4,4;4,6;0,0;0,6","1,1,1,1;1,1,1,1;1,1,1,1;1,1,1,1;1,1,1,1;","4,9,10,10;9,12,12,4;6,10,4,6;9,6,4,6;12,10,12,9;"
15,1,27,"1,1,1,1,1,1,2","3,3,8,3,8,8,3","4,2;0,6;4,6;0,4;0,0;0,2;0,8",";;;1,1,1,1,1,1,1,1;1,1,1,1,1,1,1,1;;1,1,1,1,1,1,1,1",";;;4,9,4,10,4,9,10,4;4,9,10,9,10,4,10,9;;9,10,9,10,4,9,4,10"
16,0,8,"1,1,1,1,1,1,1,1,1,2","4,4,4,4,4,4,4,4,4,4","8,0;8,2;8,4;8,6;4,1;4,3;4,5;0,5","1,1,1,1;1,1,1,1;1,1,1,1;1,1,1,1;1,1,1,1;1,1,1,1;1,1,1,1;","9,7,5,12;10,6,6,10;7,12,4,7;10,4,10,5;12,4,4,6;5,6,7,5;9,9,12,9;"
16,1,28,"1,1,1,1,1,1,1,1,1,2","3,3,3,3,3,3,3,3,3,3","8,2;8,6;8,0;8,8;4,3;4,5;0,0;0,2;0,6;0,8","1,1,1;1,1,1;1,1,1;1,1,1;1,1,1;1,1,1;1,1,1;1,1,1;;","4,6,12;7,6,9;10,5,12;3,4,10;3,9,4;7,12,5;3,10,6;5,9,7;;"
17,0,8,"1,1,1,1,1,1,1,1,1,2","4,4,4,4,4,4,4,4,4,4","8,0;8,2;8,4;8,6;4,1;4,3;4,5;0,5","1,2,2,2;1,2,2,2;1,2,2,2;1,2,2,2;1,2,2,2;1,2,2,2;1,2,2,2;","12,5,9,12;10,9,6,10;12,10,4,6;5,4,7,5;9,7,10,5;4,12,6,4;7,7,6,9;"
17,1,22,"1,1,1,1,1,1,1,1,1,1,1,2","3,3,3,3,3,3,3,3,3,3,3,3","10,4;9,2;9,6;7,0;7,8;5,3;5,5;3,0;1,2;0,4;3,8","1,1,1;1,1,1;1,1,1;1,1,1;1,1,1;1,1,1;1,1,1;1,1,1;1,1,1;;","3,3,7;12,6,4;10,3,9;10,5,7;5,6,1;6,4,1;5,7,4;1,9,12;9,10,12;;"
18,0,9,"1,1,1,1,1,1,1,2","4,4,4,4,4,4,4,4","4,0;4,2;4,4;4,6;0,0;0,6","1,1,1,1;1,1,1,1;1,1,1,1;1,1,1,1;1,1,1,1;","12,4,4,6;10,4,9,12;12,10,6,9;12,10,4,9;9,10,6,6;"
18,1,20,"1,1,1,1,1,1,2","6,6,6,6,6,6,4","4,0;4,2;4,4;4,6;0,1;0,3","1,1,1,1,1,1;1,1,1,1,1,1;1,1,1,1,1,1;1,1,1,1,1,1;1,1,1,1,1,1;","4,9,4,10,6,4;9,6,10,6,10,12;4,10,12,9,6,10;6,12,9,4,12,4;9,12,10,9,12,6;"
19,0,8,"1,1,1,1,1,1,1,1,1,2","4,4,4,4,4,4,4,4,4,4","8,0;8,2;8,4;8,6;4,1;4,3;4,5;0,5","1,1,1,1;1,1,1,1;1,1,1,1;1,1,1,1;1,1,1,1;1,1,1,1;1,1,1,1;","10,5,12,4;6,6,10,12;7,12,6,9;5,6,5,12;10,10,9,9;7,5,4,4;7,7,9,4;"
19,1,15,"1,1,1,1,1,1,2","3,3,3,3,3,3,3","9,2;9,6;6,0;6,8;3,2;3,6;0,4","1,1,1;1,1,1;1,1,1;1,1,1;1,1,1;;","9,10,12;4,6,10;4,10,6;9,12,6;12,9,4;;"
20,0,8,"1,1,1,1,1,1,1,1,1,2","4,4,4,4,4,4,4,4,4,4","8,0;8,2;8,4;8,6;4,1;4,3;4,5;0,5","1,2,2,2;1,2,2,2;1,2,2,2;1,2,2,2;1,2,2,2;1,2,2,2;1,2,2,2;","12,5,4,4;5,10,9,7;6,5,6,9;6,9,4,4;7,5,12,10;12,7,10,7;6,9,10,12;"
20,1,23,"1,1,1,1,1,1,1,1,1,2","3,3,3,3,3,3,3,3,3,3","9,0;9,4;9,8;6,2;6,6;3,0;3,4;3,8;0,2;0,6","1,1,1;1,1,1;1,1,1;1,1,1;1,1,1;1,1,1;1,1,1;1,1,1;;","5,6,3;7,3,10;3,4,9;6,4,6;9,10,4;12,5,12;7,12,5;7,9,10;;"
21,0,9,"1,1,1,1,1,1,1,2","4,4,4,4,4,4,4,4","4,0;4,2;4,4;4,6;0,0;0,6","1,1,1,1;1,1,1,1;1,1,1,1;1,1,1,1;1,1,1,1;","4,6,9,12;4,10,10,9;9,10,12,6;10,12,4,4;6,12,6,9;"
21,1,29,"1,1,1,1,1,1,1,1,2","3,3,3,3,3,3,8,3,3","4,0;4,2;4,6;4,8;0,0;0,2;0,4;0,6;0,8","1,1,1;1,1,1;1,1,1;1,1,1;;;1,1,1,1,1,1,1,1;;","9,10,6;9,6,4;6,4,10;12,9,12;;;4,9,10,12,9,9,9,9;;"
22,0,8,"1,1,1,1,1,1,1,1,1,2","4,4,4,4,4,4,4,4,4,4","8,0;8,2;8,4;8,6;4,1;4,3;4,5;0,5","1,1,1,1;1,1,1,1;1,1,1,1;1,1,1,1;1,1,1,1;1,1,1,1;1,1,1,1;","6,6,9,7;12,4,5,5;6,10,4,7;6,9,10,7;9,10,7,12;5,4,5,12;4,9,12,10;"
22,1,4,"1,1,1,1,1,2","8,8,8,4,4,4","4,0;4,4;4,2;0,0;0,2;0,4","1,1,1,1,1,1,1,1;1,1,1,1,1,1,1,1;1,1,1,1,1,1,1,1;;;","12,6,10,12,12,6,10,6;6,6,10,12,12,10,6,10;6,10,10,12,12,6,12,10;;;"
23,0,8,"1,1,1,1,1,1,1,1,1,2","4,4,4,4,4,4,4,4,4,4","8,0;8,2;8,4;8,6;4,1;4,3;4,5;0,5","1,2,2,2;1,2,2,2;1,2,2,2;1,2,2,2;1,2,2,2;1,2,2,2;1,2,2,2;","5,10,7,6;10,12,12,7;5,4,10,6;9,6,10,12;5,4,12,6;5,9,7,9;7,9,4,4;"
23,1,25,"1,1,1,1,1,1,1,1,1,1,1,2","3,3,3,3,3,3,3,3,3,3,3,3","9,4;8,2;8,6;6,0;6,8;4,2;5,4;4,6;2,0;2,8;0,3;0,5","1,1,1;1,1,1;1,1,1;1,1,1;1,1,1;1,1,1;1,1,1;1,1,1;1,1,1;;;","5,9,10;9,4,6;5,1,3;7,1,3;4,1,10;12,7,5;7,12,6;9,6,10;3,12,4;;;"
24,0,9,"1,1,1,1,1,1,1,2","4,4,4,4,4,4,4,4","4,0;4,2;4,4;4,6;0,0;0,6","1,1,1,1;1,1,1,1;1,1,1,1;1,1,1,1;1,1,1,1;","6,9,12,10;4,4,4,10;9,9,12,12;9,6,10,12;4,6,10,6;"
24,1,18,"1,1,1,1,1,2","8,8,8,8,8,4","6,0;6,2;6,4;0,0;0,2","1,1,1,1,1,1,1,1;1,1,1,1,1,1,1,1;1,1,1,1,1,1,1,1;1,1,1,1,1,1,1,1;","6,9,4,6,9,4,9,4;4,10,9,4,9,6,6,10;4,4,10,6,10,9,9,6;10,6,4,10,6,9,10,10;"
25,0,8,"1,1,1,1,1,1,1,1,1,2","4,4,4,4,4,4,4,4,4,4","8,0;8,2;8,4;8,6;4,1;4,3;4,5;0,5","1,1,1,1;1,1,1,1;1,1,1,1;1,1,1,1;1,1,1,1;1,1,1,1;1,1,1,1;","9,7,9,12;6,7,4,4;9,5,5,12;6,7,10,5;12,6,5,4;10,7,6,9;4,12,10,10;"
25,1,26,"1,1,1,1,1,1,1,1,1,2","3,3,3,3,3,3,3,3,3,3","10,4;9,2;9,6;7,0;7,8;3,0;1,2;0,4","1,1,1;1,1,1;1,1,1;1,1,1;1,1,1;1,1,1;1,1,1;1,1,1","6,3,7;12,9,7;5,9,4;6,7,3;9,6,5;12,10,3;10,5,10;4,12,4"
26,0,8,"1,1,1,1,1,1,1,1,1,2","4,4,4,4,4,4,4,4,4,4","8,0;8,2;8,4;8,6;4,1;4,3;4,5;0,5","1,2,2,2;1,2,2,2;1,2,2,2;1,2,2,2;1,2,2,2;1,2,2,2;1,2,2,2;","12,6,7,9;5,9,10,10;12,6,6,12;5,5,10,9;10,7,4,6;12,9,4,7;7,4,4,5;"
27,0,9,"1,1,1,1,1,1,1,2","4,4,4,4,4,4,4,4","4,0;4,2;4,4;4,6;0,0;0,6","1,1,1,1;1,1,1,1;1,1,1,1;1,1,1,1;1,1,1,1;","12,4,4,6;6,10,9,9;4,12,12,10;6,6,10,9;9,12,10,4;"
28,0,8,"1,1,1,1,1,1,1,1,1,2","4,4,4,4,4,4,4,4,4,4","8,0;8,2;8,4;8,6;4,1;4,3;4,5;0,5","1,1,1,1;1,1,1,1;1,1,1,1;1,1,1,1;1,1,1,1;1,1,1,1;1,1,1,1;","7,5,4,4;4,5,7,9;10,6,4,12;6,10,6,6;10,12,12,5;5,9,9,10;7,12,7,9;"
29,0,8,"1,1,1,1,1,1,1,1,1,2","4,4,4,4,4,4,4,4,4,4","8,0;8,2;8,4;8,6;4,1;4,3;4,5;0,5","1,2,2,2;1,2,2,2;1,2,2,2;1,2,2,2;1,2,2,2;1,2,2,2;1,2,2,2;","4,12,10,7;10,7,7,5;6,12,12,5;9,6,5,7;4,12,5,6;9,4,9,4;6,10,9,10;"
30,0,8,"1,1,1,1,1,1,1,1,1,2","4,4,4,4,4,4,4,4,4,4","8,0;8,2;8,4;8,6;4,1;4,3;4,5;0,5","1,1,1,1;1,1,1,1;1,1,1,1;1,1,1,1;1,1,1,1;1,1,1,1;1,1,1,1;","7,5,7,10;6,6,6,9;12,9,7,10;12,5,4,4;12,9,10,7;5,12,5,4;6,4,10,9;"
31,0,11,"1,1,1,1,1,1,1,1,1,1,1,2","4,4,4,4,4,4,4,4,4,4,4,4","8,0;8,2;8,4;8,6;4,0;4,2;4,4;4,6;0,0;0,6","1,1,1,1;1,1,1,1;1,1,1,1;1,1,1,1;1,1,1,1;1,1,1,1;1,1,1,1;1,1,1,1;1,1,1,1;","5,3,10,12;12,1,9,4;6,10,10,7;4,1,3,5;1,10,1,7;5,9,9,6;3,6,12,4;3,7,5,6;9,12,7,4;"
32,0,11,"1,1,1,1,1,1,1,1,1,1,1,2","4,4,4,4,4,4,4,4,4,4,4,4","8,0;8,2;8,4;8,6;4,0;4,2;4,4;4,6;0,0;0,6","1,2,2,2;1,2,2,2;1,2,2,2;1,2,2,2;1,2,2,2;1,2,2,2;1,2,2,2;1,2,2,2;1,2,2,2;","10,1,6,7;12,9,12,5;3,5,5,4;1,10,4,12;10,7,1,5;9,6,9,12;7,3,4,9;6,10,7,3;4,6,3,1;"
33,0,8,"1,1,1,1,1,1,1,1,1,2","4,4,4,4,4,4,4,4,4,4","8,0;8,2;8,4;8,6;4,1;4,3;4,5;0,5","1,1,1,1;1,1,1,1;1,1,1,1;1,1,1,1;1,1,1,1;1,1,1,1;1,1,1,1;","4,5,9,12;10,12,12,10;9,5,12,5;6,9,4,5;10,9,4,6;10,7,7,6;4,6,7,7;"
34,0,11,"1,1,1,1,1,1,1,1,1,1,1,2","4,4,4,4,4,4,4,4,4,4,4,4","8,0;8,2;8,4;8,6;4,0;4,2;4,4;4,6;0,0;0,6","1,1,1,1;1,1,1,1;1,1,1,1;1,1,1,1;1,1,1,1;1,1,1,1;1,1,1,1;1,1,1,1;1,1,1,1;","4,6,10,9;6,7,6,4;5,10,10,5;9,9,4,7;1,5,6,9;3,5,1,3;1,4,10,3;12,3,12,1;12,7,12,7;"
35,0,11,"1,1,1,1,1,1,1,1,1,1,1,2","4,4,4,4,4,4,4,4,4,4,4,4","8,0;8,2;8,4;8,6;4,0;4,2;4,4;4,6;0,0;0,6","1,2,2,2;1,2,2,2;1,2,2,2;1,2,2,2;1,2,2,2;1,2,2,2;1,2,2,2;1,2,2,2;1,2,2,2;","1,3,9,7;9,3,5,4;6,4,10,1;7,10,9,5;10,1,9,5;6,10,6,12;3,6,12,4;4,1,3,5;7,12,7,12;"
36,0,8,"1,1,1,1,1,1,1,1,1,2","4,4,4,4,4,4,4,4,4,4","8,0;8,2;8,4;8,6;4,1;4,3;4,5;0,5","1,1,1,1;1,1,1,1;1,1,1,1;1,1,1,1;1,1,1,1;1,1,1,1;1,1,1,1;","6,9,5,7;4,7,10,5;6,12,10,10;12,4,10,12;7,4,9,9;5,6,9,7;6,5,4,12;"
37,0,11,"1,1,1,1,1,1,1,1,1,1,1,2","4,4,4,4,4,4,4,4,4,4,4,4","8,0;8,2;8,4;8,6;4,0;4,2;4,4;4,6;0,0;0,6","1,1,1,1;1,1,1,1;1,1,1,1;1,1,1,1;1,1,1,1;1,1,1,1;1,1,1,1;1,1,1,1;1,1,1,1;","7,5,3,6;10,9,4,10;5,10,4,1;12,12,3,7;1,9,9,6;1,3,5,5;1,4,12,7;4,3,6,12;6,10,7,9;"
38,0,11,"1,1,1,1,1,1,1,1,1,1,1,2","4,4,4,4,4,4,4,4,4,4,4,4","8,0;8,2;8,4;8,6;4,0;4,2;4,4;4,6;0,0;0,6","1,2,2,2;1,2,2,2;1,2,2,2;1,2,2,2;1,2,2,2;1,2,2,2;1,2,2,2;1,2,2,2;1,2,2,2;","1,12,12,9;10,3,7,1;9,6,7,3;10,6,12,7;12,9,6,10;5,1,5,4;3,1,10,4;4,4,3,7;6,5,5,9;"
39,0,8,"1,1,1,1,1,1,1,1,1,2","4,4,4,4,4,4,4,4,4,4","8,0;8,2;8,4;8,6;4,1;4,3;4,5;0,5","1,1,1,1;1,1,1,1;1,1,1,1;1,1,1,1;1,1,1,1;1,1,1,1;1,1,1,1;","9,12,4,6;12,6,5,4;10,5,9,6;6,7,9,10;7,10,7,12;10,5,12,7;9,4,4,5;"
40,0,11,"1,1,1,1,1,1,1,1,1,1,1,2","4,4,4,4,4,4,4,4,4,4,4,4","8,0;8,2;8,4;8,6;4,0;4,2;4,4;4,6;0,0;0,6","1,1,1,1;1,1,1,1;1,1,1,1;1,1,1,1;1,1,1,1;1,1,1,1;1,1,1,1;1,1,1,1;1,1,1,1;","7,3,12,5;10,4,3,10;4,6,1,4;3,5,12,9;1,10,12,7;7,5,5,6;9,7,6,1;3,9,10,9;12,4,1,6;"
41,0,11,"1,1,1,1,1,1,1,1,1,1,1,2","4,4,4,4,4,4,4,4,4,4,4,4","8,0;8,2;8,4;8,6;4,0;4,2;4,4;4,6;0,0;0,6","1,2,2,2;1,2,2,2;1,2,2,2;1,2,2,2;1,2,2,2;1,2,2,2;1,2,2,2;1,2,2,2;1,2,2,2;","7,5,4,1;12,1,9,7;6,1,6,10;3,7,3,6;5,10,10,9;6,3,1,9;10,4,12,3;4,5,12,4;9,7,12,5;"
42,0,8,"1,1,1,1,1,1,1,1,1,2","4,4,4,4,4,4,4,4,4,4","8,0;8,2;8,4;8,6;4,1;4,3;4,5;0,5","1,1,1,1;1,1,1,1;1,1,1,1;1,1,1,1;1,1,1,1;1,1,1,1;1,1,1,1;","5,7,7,5;10,12,9,6;12,10,7,6;6,4,5,9;4,10,5,4;9,4,10,12;6,12,7,9;"
43,0,11,"1,1,1,1,1,1,1,1,1,1,1,2","4,4,4,4,4,4,4,4,4,4,4,4","8,0;8,2;8,4;8,6;4,0;4,2;4,4;4,6;0,0;0,6","1,1,1,1;1,1,1,1;1,1,1,1;1,1,1,1;1,1,1,1;1,1,1,1;1,1,1,1;1,1,1,1;1,1,1,1;","7,4,5,1;3,3,4,6;10,3,9,10;1,7,3,6;6,5,10,4;12,9,9,1;5,12,9,10;12,1,4,7;6,12,7,5;"
44,0,11,"1,1,1,1,1,1,1,1,1,1,1,2","4,4,4,4,4,4,4,4,4,4,4,4","8,0;8,2;8,4;8,6;4,0;4,2;4,4;4,6;0,0;0,6","1,2,2,2;1,2,2,2;1,2,2,2;1,2,2,2;1,2,2,2;1,2,2,2;1,2,2,2;1,2,2,2;1,2,2,2;","1,7,9,10;9,4,4,12;12,9,3,3;1,7,3,7;7,3,6,4;4,5,5,6;12,1,6,5;10,10,9,10;1,5,6,12;"
45,0,8,"1,1,1,1,1,1,1,1,1,2","4,4,4,4,4,4,4,4,4,4","8,0;8,2;8,4;8,6;4,1;4,3;4,5;0,5","1,1,1,1;1,1,1,1;1,1,1,1;1,1,1,1;1,1,1,1;1,1,1,1;1,1,1,1;","5,6,10,10;12,7,12,5;4,5,4,6;4,9,10,6;5,6,7,12;10,7,9,9;12,7,9,4;"
46,0,11,"1,1,1,1,1,1,1,1,1,1,1,2","4,4,4,4,4,4,4,4,4,4,4,4","8,0;8,2;8,4;8,6;4,0;4,2;4,4;4,6;0,0;0,6","1,1,1,1;1,1,1,1;1,1,1,1;1,1,1,1;1,1,1,1;1,1,1,1;1,1,1,1;1,1,1,1;1,1,1,1;","6,10,5,6;3,10,5,6;6,3,12,3;7,4,5,1;1,9,7,12;10,1,7,12;9,12,3,7;4,4,9,10;5,4,1,9;"
47,0,11,"1,1,1,1,1,1,1,1,1,1,1,2","4,4,4,4,4,4,4,4,4,4,4,4","8,0;8,2;8,4;8,6;4,0;4,2;4,4;4,6;0,0;0,6","1,2,2,2;1,2,2,2;1,2,2,2;1,2,2,2;1,2,2,2;1,2,2,2;1,2,2,2;1,2,2,2;1,2,2,2;","10,4,4,12;3,6,5,1;3,9,7,7;9,10,12,6;6,3,10,7;4,10,9,1;9,12,5,5;6,7,1,5;1,4,3,12;"
48,0,8,"1,1,1,1,1,1,1,1,1,2","4,4,4,4,4,4,4,4,4,4","8,0;8,2;8,4;8,6;4,1;4,3;4,5;0,1","1,1,1,1;1,1,1,1;1,1,1,1;1,1,1,1;1,1,1,1;1,1,1,1;1,1,1,1;","9,7,10,6;9,12,10,5;4,6,6,12;4,4,12,5;6,7,12,4;9,5,7,10;5,10,9,7;"
49,0,11,"1,1,1,1,1,1,1,1,1,1,1,2","4,4,4,4,4,4,4,4,4,4,4,4","8,0;8,2;8,4;8,6;4,0;4,2;4,4;4,6;0,0;0,6","1,1,1,1;1,1,1,1;1,1,1,1;1,1,1,1;1,1,1,1;1,1,1,1;1,1,1,1;1,1,1,1;1,1,1,1;","5,12,1,7;9,3,1,1;7,7,6,5;12,4,4,4;3,6,6,1;5,9,10,9;6,10,5,12;7,10,3,3;12,9,10,4;"
50,0,11,"1,1,1,1,1,1,1,1,1,1,1,2","4,4,4,4,4,4,4,4,4,4,4,4","8,0;8,2;8,4;8,6;4,0;4,2;4,4;4,6;0,0;0,6","1,2,2,2;1,2,2,2;1,2,2,2;1,2,2,2;1,2,2,2;1,2,2,2;1,2,2,2;1,2,2,2;1,2,2,2;","12,3,10,9;1,7,1,10;6,1,5,4;7,9,5,4;1,9,4,10;6,6,6,10;4,3,5,7;12,3,12,5;9,12,3,7;"
51,0,8,"1,1,1,1,1,1,1,1,1,2","4,4,4,4,4,4,4,4,4,4","8,0;8,2;8,4;8,6;4,1;4,3;4,5;0,5","1,1,1,1;1,1,1,1;1,1,1,1;1,1,1,1;1,1,1,1;1,1,1,1;1,1,1,1;","10,9,7,9;12,9,6,4;12,7,4,9;5,12,10,6;4,12,6,5;10,4,7,7;5,6,5,10;"
52,0,11,"1,1,1,1,1,1,1,1,1,1,1,2","4,4,4,4,4,4,4,4,4,4,4,4","8,0;8,2;8,4;8,6;4,0;4,2;4,4;4,6;0,0;0,6","1,1,1,1;1,1,1,1;1,1,1,1;1,1,1,1;1,1,1,1;1,1,1,1;1,1,1,1;1,1,1,1;1,1,1,1;","3,3,9,10;12,1,3,12;12,9,10,4;4,7,5,5;9,5,9,4;5,1,4,10;12,6,6,10;1,6,7,6;7,7,3,1;"
53,0,11,"1,1,1,1,1,1,1,1,1,1,1,2","4,4,4,4,4,4,4,4,4,4,4,4","8,0;8,2;8,4;8,6;4,0;4,2;4,4;4,6;0,0;0,6","1,2,2,2;1,2,2,2;1,2,2,2;1,2,2,2;1,2,2,2;1,2,2,2;1,2,2,2;1,2,2,2;1,2,2,2;","9,3,6,10;6,4,9,1;10,10,7,10;1,5,5,7;5,9,9,1;3,5,7,12;4,7,4,6;3,3,6,12;4,12,1,12;"
54,0,8,"1,1,1,1,1,1,1,1,1,2","4,4,4,4,4,4,4,4,4,4","8,0;8,2;8,4;8,6;4,1;4,3;4,5;0,5","1,1,1,1;1,1,1,1;1,1,1,1;1,1,1,1;1,1,1,1;1,1,1,1;1,1,1,1;","7,4,6,10;12,4,12,5;6,12,5,9;9,10,4,12;7,5,10,10;9,6,5,9;4,7,7,6;"
55,0,11,"1,1,1,1,1,1,1,1,1,1,1,2","4,4,4,4,4,4,4,4,4,4,4,4","8,0;8,2;8,4;8,6;4,0;4,2;4,4;4,6;0,0;0,6","1,1,1,1;1,1,1,1;1,1,1,1;1,1,1,1;1,1,1,1;1,1,1,1;1,1,1,1;1,1,1,1;1,1,1,1;","3,9,4,3;7,1,6,7;3,1,10,10;4,9,4,3;6,9,1,12;12,6,7,5;10,4,10,7;9,12,5,1;6,12,5,5;"
56,0,11,"1,1,1,1,1,1,1,1,1,1,1,2","4,4,4,4,4,4,4,4,4,4,4,4","8,0;8,2;8,4;8,6;4,0;4,2;4,4;4,6;0,0;0,6","1,2,2,2;1,2,2,2;1,2,2,2;1,2,2,2;1,2,2,2;1,2,2,2;1,2,2,2;1,2,2,2;1,2,2,2;","10,7,6,5;3,1,12,9;1,5,3,7;9,4,4,12;10,4,1,12;6,10,3,7;7,9,5,3;4,12,1,6;9,5,6,10;"
57,0,8,"1,1,1,1,1,1,1,1,1,2","4,4,4,4,4,4,4,4,4,4","8,0;8,2;8,4;8,6;4,1;4,3;4,5;0,5","1,1,1,1;1,1,1,1;1,1,1,1;1,1,1,1;1,1,1,1;1,1,1,1;1,1,1,1;","9,10,12,12;7,12,6,7;9,6,12,9;4,10,5,6;6,5,4,7;5,5,7,10;10,9,4,4;"
58,0,11,"1,1,1,1,1,1,1,1,1,1,1,2","4,4,4,4,4,4,4,4,4,4,4,4","8,0;8,2;8,4;8,6;4,0;4,2;4,4;4,6;0,0;0,6","1,1,1,1;1,1,1,1;1,1,1,1;1,1,1,1;1,1,1,1;1,1,1,1;1,1,1,1;1,1,1,1;1,1,1,1;","7,7,4,9;3,1,9,12;1,9,4,12;7,3,6,10;9,6,10,3;6,10,6,5;3,4,4,1;5,5,1,12;7,10,5,12;"
59,0,11,"1,1,1,1,1,1,1,1,1,1,1,2","4,4,4,4,4,4,4,4,4,4,4,4","8,0;8,2;8,4;8,6;4,0;4,2;4,4;4,6;0,0;0,6","1,2,2,2;1,2,2,2;1,2,2,2;1,2,2,2;1,2,2,2;1,2,2,2;1,2,2,2;1,2,2,2;1,2,2,2;","12,1,12,4;6,7,4,6;4,5,6,3;9,10,9,10;3,10,3,9;4,5,1,12;6,12,7,7;5,3,10,1;7,1,5,9;"
60,0,8,"1,1,1,1,1,1,1,1,1,2","4,4,4,4,4,4,4,4,4,4","8,0;8,2;8,4;8,6;4,1;4,3;4,5;0,5","1,1,1,1;1,1,1,1;1,1,1,1;1,1,1,1;1,1,1,1;1,1,1,1;1,1,1,1;","10,6,5,4;12,10,4,10;10,7,5,7;12,6,12,12;7,9,9,6;7,4,9,5;9,6,4,5;"
61,0,11,"1,1,1,1,1,1,1,1,1,1,1,2","4,4,4,4,4,4,4,4,4,4,4,4","8,0;8,2;8,4;8,6;4,0;4,2;4,4;4,6;0,0;0,6","1,1,1,1;1,1,1,1;1,1,1,1;1,1,1,1;1,1,1,1;1,1,1,1;1,1,1,1;1,1,1,1;1,1,1,1;","4,1,10,10;7,3,3,5;3,4,9,9;5,7,1,9;6,5,3,10;5,12,10,7;1,12,12,4;6,7,6,9;1,12,6,4;"
62,0,11,"1,1,1,1,1,1,1,1,1,1,1,2","4,4,4,4,4,4,4,4,4,4,4,4","8,0;8,2;8,4;8,6;4,0;4,2;4,4;4,6;0,0;0,6","1,2,2,2;1,2,2,2;1,2,2,2;1,2,2,2;1,2,2,2;1,2,2,2;1,2,2,2;1,2,2,2;1,2,2,2;","9,4,5,6;9,4,7,5;7,7,4,1;3,5,6,1;12,6,7,5;3,1,3,10;12,4,6,10;12,9,10,10;9,12,1,3;"
63,0,8,"1,1,1,1,1,1,1,1,1,2","4,4,4,4,4,4,4,4,4,4","8,0;8,2;8,4;8,6;4,1;4,3;4,5;0,5","1,1,1,1;1,1,1,1;1,1,1,1;1,1,1,1;1,1,1,1;1,1,1,1;1,1,1,1;","6,5,7,6;6,4,9,12;10,4,10,5;7,10,4,7;12,9,9,9;10,6,12,4;12,7,5,5;"
64,0,11,"1,1,1,1,1,1,1,1,1,1,1,2","4,4,4,4,4,4,4,4,4,4,4,4","8,0;8,2;8,4;8,6;4,0;4,2;4,4;4,6;0,0;0,6","1,1,1,1;1,1,1,1;1,1,1,1;1,1,1,1;1,1,1,1;1,1,1,1;1,1,1,1;1,1,1,1;1,1,1,1;","12,12,6,5;4,3,4,5;6,3,1,4;10,9,1,3;9,4,12,5;1,10,3,9;6,6,7,7;9,7,10,5;12,10,7,1;"
65,0,11,"1,1,1,1,1,1,1,1,1,1,1,2","4,4,4,4,4,4,4,4,4,4,4,4","8,0;8,2;8,4;8,6;4,0;4,2;4,4;4,6;0,0;0,6","1,2,2,2;1,2,2,2;1,2,2,2;1,2,2,2;1,2,2,2;1,2,2,2;1,2,2,2;1,2,2,2;1,2,2,2;","10,10,5,7;3,1,6,9;1,5,3,3;12,7,10,1;4,12,5,4;7,4,4,12;9,1,6,7;3,10,5,6;6,9,12,9;"
66,0,8,"1,1,1,1,1,1,1,1,1,2","4,4,4,4,4,4,4,4,4,4","8,0;8,2;8,4;8,6;4,1;4,3;4,5","1,1,1,1;1,1,1,1;1,1,1,1;1,1,1,1;1,1,1,1;1,1,1,1;1,1,1,1","12,9,4,5;10,5,6,7;5,4,12,7;4,5,6,7;10,4,7,12;9,9,10,6;10,6,12,9"
67,0,11,"1,1,1,1,1,1,1,1,1,1,1,2","4,4,4,4,4,4,4,4,4,4,4,4","8,0;8,2;8,4;8,6;4,0;4,2;4,4;4,6;0,0;0,6","1,1,1,1;1,1,1,1;1,1,1,1;1,1,1,1;1,1,1,1;1,1,1,1;1,1,1,1;1,1,1,1;1,1,1,1;","7,5,3,9;4,7,12,3;3,10,12,6;4,1,12,6;12,6,1,9;9,9,7,10;7,10,1,5;5,3,4,4;5,1,10,6;"
68,0,11,"1,1,1,1,1,1,1,1,1,1,1,2","4,4,4,4,4,4,4,4,4,4,4,4","8,0;8,2;8,4;8,6;4,0;4,2;4,4;4,6;0,0;0,6","1,2,2,2;1,2,2,2;1,2,2,2;1,2,2,2;1,2,2,2;1,2,2,2;1,2,2,2;1,2,2,2;1,2,2,2;","12,1,1,4;9,7,9,6;12,7,3,7;4,3,5,10;3,5,12,7;1,10,5,5;4,10,10,9;1,6,4,3;12,6,9,6;"
69,0,8,"1,1,1,1,1,1,1,1,1,2","4,4,4,4,4,4,4,4,4,4","8,0;8,2;8,4;8,6;4,1;4,3;4,5;0,5","1,1,1,1;1,1,1,1;1,1,1,1;1,1,1,1;1,1,1,1;1,1,1,1;1,1,1,1;","10,12,4,7;4,6,9,10;6,5,6,12;12,9,9,6;9,7,5,4;10,10,5,5;12,7,7,4;"
70,0,11,"1,1,1,1,1,1,1,1,1,1,1,2","4,4,4,4,4,4,4,4,4,4,4,4","8,0;8,2;8,4;8,6;4,0;4,2;4,4;4,6;0,0;0,6","1,1,1,1;1,1,1,1;1,1,1,1;1,1,1,1;1,1,1,1;1,1,1,1;1,1,1,1;1,1,1,1;1,1,1,1;","10,9,12,6;1,4,3,3;9,1,1,12;12,5,4,4;9,7,7,10;5,3,3,6;5,6,10,12;10,1,9,7;7,5,6,4;"
71,0,11,"1,1,1,1,1,1,1,1,1,1,1,2","4,4,4,4,4,4,4,4,4,4,4,4","8,0;8,2;8,4;8,6;4,0;4,2;4,4;4,6;0,0;0,6","1,2,2,2;1,2,2,2;1,2,2,2;1,2,2,2;1,2,2,2;1,2,2,2;1,2,2,2;1,2,2,2;1,2,2,2;","7,3,9,12;1,10,5,7;6,5,5,12;4,10,9,9;12,5,6,10;4,3,9,3;1,1,4,4;6,3,6,1;7,12,7,10;"
72,0,8,"1,1,1,1,1,1,1,1,1,2","4,4,4,4,4,4,4,4,4,4","8,0;8,2;8,4;8,6;4,1;4,3;4,5;0,5","1,1,1,1;1,1,1,1;1,1,1,1;1,1,1,1;1,1,1,1;1,1,1,1;1,1,1,1;","12,7,10,5;9,6,7,10;4,10,5,4;6,7,5,9;7,10,12,5;9,6,6,4;12,4,9,12;"
73,0,11,"1,1,1,1,1,1,1,1,1,1,1,2","4,4,4,4,4,4,4,4,4,4,4,4","8,0;8,2;8,4;8,6;4,0;4,2;4,4;4,6;0,0;0,6","1,1,1,1;1,1,1,1;1,1,1,1;1,1,1,1;1,1,1,1;1,1,1,1;1,1,1,1;1,1,1,1;1,1,1,1;","3,10,3,7;5,7,5,1;5,10,1,9;10,3,9,7;12,4,6,5;6,12,4,4;6,1,4,9;3,9,1,6;12,7,12,10;"
74,0,11,"1,1,1,1,1,1,1,1,1,1,1,2","4,4,4,4,4,4,4,4,4,4,4,4","8,0;8,2;8,4;8,6;4,0;4,2;4,4;4,6;0,0;0,6","1,2,2,2;1,2,2,2;1,2,2,2;1,2,2,2;1,2,2,2;1,2,2,2;1,2,2,2;1,2,2,2;1,2,2,2;","10,3,1,9;9,12,10,4;6,7,3,12;4,3,12,1;4,7,10,3;9,1,12,6;10,7,1,5;6,6,7,5;5,4,5,9;"
75,0,8,"1,1,1,1,1,1,1,1,1,2","4,4,4,4,4,4,4,4,4,4","8,0;8,2;8,4;8,6;4,1;4,3;4,5;0,5","1,1,1,1;1,1,1,1;1,1,1,1;1,1,1,1;1,1,1,1;1,1,1,1;1,1,1,1;","4,5,7,9;4,5,6,7;9,12,12,7;12,12,9,5;10,6,6,10;10,9,4,7;6,4,10,5;"
76,0,11,"1,1,1,1,1,1,1,1,1,1,1,2","4,4,4,4,4,4,4,4,4,4,4,4","8,0;8,2;8,4;8,6;4,0;4,2;4,4;4,6;0,0;0,6","1,1,1,1;1,1,1,1;1,1,1,1;1,1,1,1;1,1,1,1;1,1,1,1;1,1,1,1;1,1,1,1;1,1,1,1;","9,6,7,4;1,10,10,4;1,6,10,7;5,4,3,3;9,6,9,9;7,5,3,12;5,12,12,6;12,4,3,1;1,5,10,7;"
77,0,11,"1,1,1,1,1,1,1,1,1,1,1,2","4,4,4,4,4,4,4,4,4,4,4,4","8,0;8,2;8,4;8,6;4,0;4,2;4,4;4,6;0,0;0,6","1,2,2,2;1,2,2,2;1,2,2,2;1,2,2,2;1,2,2,2;1,2,2,2;1,2,2,2;1,2,2,2;1,2,2,2;","5,4,10,10;3,3,1,12;7,9,9,5;1,10,1,6;7,3,4,6;4,12,10,7;6,6,9,3;12,12,1,9;4,5,7,5;"
78,0,8,"1,1,1,1,1,1,1,1,1,2","4,4,4,4,4,4,4,4,4,4","8,0;8,2;8,4;8,6;4,1;4,3;4,5;0,5","1,1,1,1;1,1,1,1;1,1,1,1;1,1,1,1;1,1,1,1;1,1,1,1;1,1,1,1;","10,9,6,10;5,7,9,4;5,12,4,12;4,7,4,12;7,6,10,7;9,10,12,5;6,6,5,9;"
79,0,11,"1,1,1,1,1,1,1,1,1,1,1,2","4,4,4,4,4,4,4,4,4,4,4,4","8,0;8,2;8,4;8,6;4,0;4,2;4,4;4,6;0,0;0,6","1,1,1,1;1,1,1,1;1,1,1,1;1,1,1,1;1,1,1,1;1,1,1,1;1,1,1,1;1,1,1,1;1,1,1,1;","1,12,9,1;6,6,9,1;10,6,5,3;10,4,12,3;12,7,5,6;9,5,7,9;10,3,5,3;4,10,7,12;7,1,4,4;"
80,0,11,"1,1,1,1,1,1,1,1,1,1,1,2","4,4,4,4,4,4,4,4,4,4,4,4","8,0;8,2;8,4;8,6;4,0;4,2;4,4;4,6;0,0;0,6","1,2,2,2;1,2,2,2;1,2,2,2;1,2,2,2;1,2,2,2;1,2,2,2;1,2,2,2;1,2,2,2;1,2,2,2;","9,6,10,5;9,10,12,7;4,4,1,5;10,4,7,4;6,1,1,1;12,5,5,3;6,6,3,9;10,7,12,12;3,7,3,9;"
81,0,8,"1,1,1,1,1,1,1,1,1,2","4,4,4,4,4,4,4,4,4,4","8,0;8,2;8,4;8,6;4,1;4,3;4,5","1,1,1,1;1,1,1,1;1,1,1,1;1,1,1,1;1,1,1,1;1,1,1,1;1,1,1,1","7,4,7,7;9,12,10,10;5,6,9,5;12,5,5,9;6,12,4,6;6,12,10,7;9,10,4,4"
82,0,11,"1,1,1,1,1,1,1,1,1,1,1,2","4,4,4,4,4,4,4,4,4,4,4,4","8,0;8,2;8,4;8,6;4,0;4,2;4,4;4,6;0,0;0,6","1,1,1,1;1,1,1,1;1,1,1,1;1,1,1,1;1,1,1,1;1,1,1,1;1,1,1,1;1,1,1,1;1,1,1,1;","12,7,9,1;6,5,6,4;10,6,4,12;7,9,3,10;9,4,10,7;12,3,3,10;5,1,1,1;7,6,5,9;12,3,4,5;"
83,0,11,"1,1,1,1,1,1,1,1,1,1,1,2","4,4,4,4,4,4,4,4,4,4,4,4","8,0;8,2;8,4;8,6;4,0;4,2;4,4;4,6;0,0;0,6","1,2,2,2;1,2,2,2;1,2,2,2;1,2,2,2;1,2,2,2;1,2,2,2;1,2,1,2;1,2,2,2;1,2,2,2;","6,12,6,9;12,12,4,4;4,10,7,9;5,7,6,10;9,9,3,5;3,10,5,12;1,3,6,1;10,4,1,7;5,1,7,3;"
84,0,8,"1,1,1,1,1,1,1,1,1,2","4,4,4,4,4,4,4,4,4,4","8,0;8,2;8,4;8,6;4,1;4,3;4,5;0,5","1,1,1,1;1,1,1,1;1,1,1,1;1,1,1,1;1,1,1,1;1,1,1,1;1,1,1,1;","12,4,5,7;12,10,5,9;6,7,10,10;10,9,6,7;4,5,4,9;9,5,7,12;12,6,4,6;"
85,0,11,"1,1,1,1,1,1,1,1,1,1,1,2","4,4,4,4,4,4,4,4,4,4,4,4","8,0;8,2;8,4;8,6;4,0;4,2;4,4;4,6;0,0;0,6","1,1,1,1;1,1,1,1;1,1,1,1;1,1,1,1;1,1,1,1;1,1,1,1;1,1,1,1;1,1,1,1;1,1,1,1;","9,3,4,10;7,12,9,10;6,1,7,5;6,5,4,4;3,1,3,4;7,9,7,6;6,10,12,9;1,1,12,5;5,12,3,10;"
86,0,11,"1,1,1,1,1,1,1,1,1,1,1,2","4,4,4,4,4,4,4,4,4,4,4,4","8,0;8,2;8,4;8,6;4,0;4,2;4,4;4,6;0,0;0,6","1,2,2,2;1,2,2,2;1,2,2,2;1,2,2,2;1,2,2,2;1,2,2,2;1,2,2,2;1,2,2,2;1,2,2,2;","5,1,12,6;9,3,1,12;3,10,6,9;10,4,5,7;5,4,7,4;1,1,10,6;9,12,7,10;3,12,7,9;3,6,4,5;"
87,0,8,"1,1,1,1,1,1,1,1,1,2","4,4,4,4,4,4,4,4,4,4","8,0;8,2;8,4;8,6;4,1;4,3;4,5;0,5","1,1,1,1;1,1,1,1;1,1,1,1;1,1,1,1;1,1,1,1;1,1,1,1;1,1,1,1;","10,10,7,5;10,4,6,4;5,9,9,12;6,7,4,7;7,5,9,12;6,10,12,9;9,12,6,5;"
88,0,11,"1,1,1,1,1,1,1,1,1,1,1,2","4,4,4,4,4,4,4,4,4,4,4,4","8,0;8,2;8,4;8,6;4,0;4,2;4,4;4,6;0,0;0,6","1,1,1,1;1,1,1,1;1,1,1,1;1,1,1,1;1,1,1,1;1,1,1,1;1,1,1,1;1,1,1,1;1,1,1,1;","3,10,10,5;4,1,12,7;3,9,12,10;5,3,9,1;9,7,12,6;4,7,3,1;9,10,5,6;4,12,6,4;5,7,1,6;"
89,0,11,"1,1,1,1,1,1,1,1,1,1,1,2","4,4,4,4,4,4,4,4,4,4,4,4","8,0;8,2;8,4;8,6;4,0;4,2;4,4;4,6;0,0;0,6","1,2,2,2;1,2,2,2;1,2,2,2;1,2,2,2;1,2,2,2;1,2,2,2;1,2,2,2;1,2,2,2;1,2,2,2;","4,9,12,7;12,10,6,3;5,6,4,1;12,5,12,10;10,10,5,7;1,7,4,3;4,9,3,3;6,1,7,5;6,1,9,9;"
90,0,8,"1,1,1,1,1,1,1,1,1,2","4,4,4,4,4,4,4,4,4,4","8,0;8,2;8,4;8,6;4,1;4,3;4,5;0,5","1,1,1,1;1,1,1,1;1,1,1,1;1,1,1,1;1,1,1,1;1,1,1,1;1,1,1,1;","12,6,5,12;6,10,9,10;5,9,10,7;6,5,4,4;6,7,7,4;9,12,4,10;7,9,12,5;"
91,0,11,"1,1,1,1,1,1,1,1,1,1,1,2","4,4,4,4,4,4,4,4,4,4,4,4","8,0;8,2;8,4;8,6;4,0;4,2;4,4;4,6;0,0;0,6","1,1,1,1;1,1,1,1;1,1,1,1;1,1,1,1;1,1,1,1;1,1,1,1;1,1,1,1;1,1,1,1;1,1,1,1;","12,6,6,9;4,5,3,3;3,9,1,6;9,6,1,10;12,3,4,1;5,12,12,1;10,4,10,9;7,5,4,7;10,7,5,7;"
92,0,11,"1,1,1,1,1,1,1,1,1,1,1,2","4,4,4,4,4,4,4,4,4,4,4,4","8,0;8,2;8,4;8,6;4,0;4,2;4,4;4,6;0,0;0,6","1,2,2,2;1,2,2,2;1,2,2,2;1,2,2,2;1,2,2,2;1,2,2,2;1,2,2,2;1,2,2,2;1,2,2,2;","1,10,5,4;3,5,9,1;7,6,1,4;10,4,12,5;1,6,12,10;7,5,6,6;3,12,4,3;7,9,9,3;12,10,7,9;"
93,0,8,"1,1,1,1,1,1,1,1,1,2","4,4,4,4,4,4,4,4,4,4","8,0;8,2;8,4;8,6;4,1;4,3;4,5;0,5","1,1,1,1;1,1,1,1;1,1,1,1;1,1,1,1;1,1,1,1;1,1,1,1;1,1,1,1;","7,7,9,4;10,6,6,10;4,4,12,6;12,12,7,10;4,9,5,5;6,9,7,12;10,5,9,5;"
94,0,11,"1,1,1,1,1,1,1,1,1,1,1,2","4,4,4,4,4,4,4,4,4,4,4,4","8,0;8,2;8,4;8,6;4,0;4,2;4,4;4,6;0,0","1,1,1,1;1,1,1,1;1,1,1,1;1,1,1,1;1,1,1,1;1,1,1,1;1,1,1,1;1,1,1,1;1,1,1,1","9,5,6,1;3,7,12,7;4,1,6,5;4,10,12,3;9,12,7,4;3,6,10,5;4,12,9,1;6,7,9,10;1,10,3,5"
95,0,11,"1,1,1,1,1,1,1,1,1,1,1,2","4,4,4,4,4,4,4,4,4,4,4,4","8,0;8,2;8,4;8,6;4,0;4,2;4,4;4,6;0,0;0,6","1,2,2,2;1,2,2,2;1,2,2,2;1,2,2,2;1,2,2,2;1,2,2,2;1,2,2,2;1,2,2,2;1,2,2,2;","1,6,7,1;12,9,5,1;6,3,10,4;10,7,1,4;5,12,6,3;9,5,12,3;6,9,4,4;5,12,7,10;9,7,10,3;"
96,0,8,"1,1,1,1,1,1,1,1,1,2","4,4,4,4,4,4,4,4,4,4","8,0;8,2;8,4;8,6;4,1;4,3;4,5;0,5","1,1,1,1;1,1,1,1;1,1,1,1;1,1,1,1;1,1,1,1;1,1,1,1;1,1,1,1;","5,7,4,6;4,12,6,12;7,4,5,6;12,10,9,9;5,4,12,10;5,10,6,9;9,7,10,7;"
97,0,11,"1,1,1,1,1,1,1,1,1,1,1,2","4,4,4,4,4,4,4,4,4,4,4,4","8,0;8,2;8,4;8,6;4,0;4,2;4,4;4,6;0,0;0,6","1,1,1,1;1,1,1,1;1,1,1,1;1,1,1,1;1,1,1,1;1,1,1,1;1,1,1,1;1,1,1,1;1,1,1,1;","10,9,12,5;5,9,10,6;10,12,5,4;4,6,7,7;1,7,6,12;4,5,4,7;3,6,12,1;9,3,1,3;10,3,9,1;"
98,0,11,"1,1,1,1,1,1,1,1,1,1,1,2","4,4,4,4,4,4,4,4,4,4,4,4","8,0;8,2;8,4;8,6;4,0;4,2;4,4;4,6;0,0;0,6","1,2,2,2;1,2,2,2;1,2,2,2;1,2,2,2;1,2,2,2;1,2,2,2;1,2,2,2;1,2,2,2;1,2,2,2;","4,1,9,7;9,10,10,9;6,7,5,4;6,12,1,3;10,12,10,6;3,6,7,5;1,4,9,5;5,3,3,12;7,1,12,4;"
99,0,8,"1,1,1,1,1,1,1,1,1,2","4,4,4,4,4,4,4,4,4,4","8,0;8,2;8,4;8,6;4,1;4,3;4,5;0,5","1,1,1,1;1,1,1,1;1,1,1,1;1,1,1,1;1,1,1,1;1,1,1,1;1,1,1,1;","9,10,12,6;10,4,6,7;12,5,6,7;6,12,4,10;12,10,4,9;9,5,7,9;5,7,4,5;"
100,0,11,"1,1,1,1,1,1,1,1,1,1,1,2","4,4,4,4,4,4,4,4,4,4,4,4","8,0;8,2;8,4;8,6;4,0;4,2;4,4;4,6;0,0;0,6","1,1,1,1;1,1,1,1;1,1,1,1;1,1,1,1;1,1,1,1;1,1,1,1;1,1,1,1;1,1,1,1;1,1,1,1;","12,9,6,4;9,4,9,3;12,3,9,6;12,4,5,4;10,7,3,10;7,7,1,1;5,1,3,12;6,5,7,5;10,10,1,6;"
101,0,13,"1,1,1,1,1,1,1,1,1,1,1,1,1,1,2","4,4,4,4,4,4,4,4,4,4,4,4,4,4,4","8,0;8,2;8,4;8,6;8,8;4,0;4,2;4,4;4,6;4,8;0,0;0,2;0,8","1,2,2,2;1,2,2,2;1,2,2,2;1,2,2,2;1,2,2,2;1,2,2,2;1,2,2,2;1,2,2,2;1,2,2,2;1,2,2,2;1,2,2,2;1,2,2,2;","11,1,12,2;7,3,8,6;9,10,8,3;5,3,11,9;11,3,4,8;11,9,1,10;12,12,5,7;12,2,4,6;1,5,2,6;1,6,8,10;4,4,2,7;7,5,10,9;"
102,0,11,"1,1,1,1,1,1,1,1,1,1,1,2","4,4,4,4,4,4,4,4,4,4,4,4","8,0;8,2;8,4;8,6;4,0;4,2;4,4;4,6;0,0;0,6","1,1,1,1;1,1,1,1;1,1,1,1;1,1,1,1;1,1,1,1;1,1,1,1;1,1,1,1;1,1,1,1;1,1,1,1;","5,3,4,12;1,4,3,7;1,10,5,5;4,12,7,6;1,7,10,4;9,6,9,9;9,6,6,12;7,12,10,1;3,5,10,3;"
103,0,13,"1,1,1,1,1,1,1,1,1,1,1,1,1,1,2","4,4,4,4,4,4,4,4,4,4,4,4,4,4,4","8,0;8,2;8,4;8,6;8,8;4,0;4,2;4,4;4,6;4,8;0,0;0,2;0,8","1,1,1,1;1,1,1,1;1,1,1,1;1,1,1,1;1,1,1,1;1,1,1,1;1,1,1,1;1,1,1,1;1,1,1,1;1,1,1,1;1,1,1,1;1,1,1,1;","3,12,10,4;11,7,3,10;5,8,9,12;7,6,12,7;2,11,2,1;11,6,4,8;5,1,8,11;3,6,4,2;9,12,1,5;6,9,1,9;8,5,10,7;2,4,3,10;"
104,0,11,"1,1,1,1,1,1,1,1,1,1,1,2","4,4,4,4,4,4,4,4,4,4,4,4","8,0;8,2;8,4;8,6;4,0;4,2;4,4;4,6;0,0;0,6","1,2,2,2;1,2,2,2;1,2,2,2;1,2,2,2;1,2,2,2;1,2,2,2;1,2,2,2;1,2,2,2;1,2,2,2;","3,4,4,5;9,1,1,5;4,7,3,10;9,4,5,3;12,7,9,12;9,6,6,7;1,10,12,3;10,1,6,10;7,12,6,5;"
105,0,13,"1,1,1,1,1,1,1,1,1,1,1,1,1,1,2","4,4,4,4,4,4,4,4,4,4,4,4,4,4,4","8,0;8,2;8,4;8,6;8,8;4,0;4,2;4,4;4,6;4,8;0,0;0,2;0,8","1,1,1,1;1,1,1,1;1,1,1,1;1,1,1,1;1,1,1,1;1,1,1,1;1,1,1,1;1,1,1,1;1,1,1,1;1,1,1,1;1,1,1,1;1,1,1,1;","9,3,10,2;7,8,12,4;4,11,5,5;1,7,5,4;8,11,2,11;11,10,8,4;3,6,1,7;12,3,6,12;2,8,7,1;1,5,6,9;9,6,10,9;2,3,10,12;"
106,0,11,"1,1,1,1,1,1,1,1,1,1,1,2","4,4,4,4,4,4,4,4,4,4,4,4","8,0;8,2;8,4;8,6;4,0;4,2;4,4;4,6;0,0;0,6","1,1,1,1;1,1,1,1;1,1,1,1;1,1,1,1;1,1,1,1;1,1,1,1;1,1,1,1;1,1,1,1;1,1,1,1;","4,5,5,7;9,3,10,12;3,10,12,6;10,12,7,7;7,3,9,9;6,10,9,1;3,4,5,5;6,1,4,4;6,1,12,1;"
107,0,13,"1,1,1,1,1,1,1,1,1,1,1,1,1,1,2","4,4,4,4,4,4,4,4,4,4,4,4,4,4,4","8,0;8,2;8,4;8,6;0,8;4,0;4,2;4,4;4,6;4,8;0,0;0,2;8,8","1,2,2,2;1,2,2,2;1,2,2,2;1,2,2,2;;1,2,2,2;1,2,2,2;1,2,2,2;1,2,2,2;1,2,2,2;1,2,2,2;1,2,2,2;1,2,2,2","4,4,5,12;7,12,8,9;10,11,5,6;1,4,2,3;;12,7,9,8;10,3,1,5;11,2,6,9;1,7,3,8;8,6,10,2;1,6,12,3;9,7,5,11;10,2,11,4"
108,0,11,"1,1,1,1,1,1,1,1,1,1,1,2","4,4,4,4,4,4,4,4,4,4,4,4","8,0;8,2;8,4;8,6;4,0;4,2;4,4;4,6;0,0;0,6","1,1,1,1;1,1,1,1;1,1,1,1;1,1,1,1;1,1,1,1;1,1,1,1;1,1,1,1;1,1,1,1;1,1,1,1;","10,10,1,3;9,7,9,12;5,1,10,12;9,3,1,4;6,10,7,3;12,7,3,4;6,12,4,5;5,5,1,6;4,6,9,7;"
109,0,13,"1,1,1,1,1,1,1,1,1,1,1,1,1,1,2","4,4,4,4,4,4,4,4,4,4,4,4,4,4,4","8,0;8,2;8,4;8,6;8,8;4,0;4,2;4,4;4,6;4,8;0,0;0,2;0,8","1,1,1,1;1,1,1,1;1,1,1,1;1,1,1,1;1,1,1,1;1,1,1,1;1,1,1,1;1,1,1,1;1,1,1,1;1,1,1,1;1,1,1,1;1,1,1,1;","9,1,6,5;7,6,11,11;5,9,2,7;6,12,5,3;11,12,1,11;2,3,9,8;7,8,12,3;2,12,2,10;3,1,9,6;7,10,5,4;4,8,10,8;1,4,10,4;"
110,0,11,"1,1,1,1,1,1,1,1,1,1,1,2","4,4,4,4,4,4,4,4,4,4,4,4","8,0;8,2;8,4;8,6;4,0;4,2;4,4;4,6;0,0;0,6","1,2,2,2;1,2,2,2;1,2,2,2;1,2,2,2;1,2,2,2;1,2,2,2;1,2,2,2;1,2,2,2;1,2,2,2;","6,6,1,6;9,5,7,6;9,4,4,3;9,4,12,3;1,1,7,7;9,1,10,12;10,10,10,5;5,12,5,3;3,7,4,12;"
111,0,13,"1,1,1,1,1,1,1,1,1,1,1,1,1,1,2","4,4,4,4,4,4,4,4,4,4,4,4,4,4,4","8,0;8,2;8,4;8,6;8,8;4,0;4,2;4,4;4,6;4,8;0,0;0,2;0,8","1,1,1,1;1,1,1,1;1,1,1,1;1,1,1,1;1,1,1,1;1,1,1,1;1,1,1,1;1,1,1,1;1,1,1,1;1,1,1,1;1,1,1,1;1,1,1,1;","10,5,3,8;7,10,3,2;4,9,11,8;1,1,7,8;12,2,8,11;4,6,7,12;11,6,1,12;7,12,4,9;2,6,1,5;9,3,4,10;3,9,5,11;10,6,5,2;"
112,0,11,"1,1,1,1,1,1,1,1,1,1,1,2","4,4,4,4,4,4,4,4,4,4,4,4","8,0;8,2;8,4;8,6;4,0;4,2;4,4;4,6;0,0;0,6","1,1,1,1;1,1,1,1;1,1,1,1;1,1,1,1;1,1,1,1;1,1,1,1;1,1,1,1;1,1,1,1;1,1,1,1;","4,7,3,4;9,12,12,10;5,12,9,1;3,9,4,3;5,1,6,3;4,6,7,5;10,6,6,7;10,9,12,5;1,7,1,10;"
113,0,13,"1,1,1,1,1,1,1,1,1,1,1,1,1,1,2","4,4,4,4,4,4,4,4,4,4,4,4,4,4,4","8,0;8,2;8,4;8,6;8,8;4,0;4,2;4,4;4,6;4,8;0,0;0,2;0,8","1,2,2,2;1,2,2,2;1,2,2,2;1,2,2,2;1,2,2,2;1,2,2,2;1,2,2,2;1,2,2,2;1,2,2,2;1,2,2,2;1,2,2,2;1,2,2,2;","1,6,11,2;7,9,12,1;12,5,6,2;1,7,3,10;5,9,3,10;8,9,4,8;1,8,6,7;2,3,5,11;9,4,2,12;7,10,8,11;4,6,4,12;11,5,10,3;"
114,0,11,"1,1,1,1,1,1,1,1,1,1,1,2","4,4,4,4,4,4,4,4,4,4,4,4","8,0;8,2;8,4;8,6;4,0;4,2;4,4;4,6;0,0;0,6","1,1,1,1;1,1,1,1;1,1,1,1;1,1,1,1;1,1,1,1;1,1,1,1;1,1,1,1;1,1,1,1;1,1,1,1;","5,9,9,3;9,12,10,4;4,12,3,10;12,6,1,7;12,6,5,5;6,9,4,3;5,7,1,7;6,1,10,1;4,3,10,7;"
115,0,13,"1,1,1,1,1,1,1,1,1,1,1,1,1,1,2","4,4,4,4,4,4,4,4,4,4,4,4,4,4,4","8,0;8,2;8,4;8,6;8,8;4,0;4,2;4,4;4,6;4,8;0,0;0,2;0,8","1,1,1,1;1,1,1,1;1,1,1,1;1,1,1,1;1,1,1,1;1,1,1,1;1,1,1,1;1,1,1,1;1,1,1,1;1,1,1,1;1,1,1,1;1,1,1,1;","3,12,1,4;7,11,4,3;9,10,2,2;11,8,7,9;3,5,12,3;10,4,12,1;1,6,6,2;8,5,8,7;12,10,8,9;11,5,6,6;10,7,2,9;5,4,11,1;"
116,0,11,"1,1,1,1,1,1,1,1,1,1,1,2","4,4,4,4,4,4,4,4,4,4,4,4","8,0;8,2;8,4;8,6;4,0;4,2;4,4;4,6;0,0;0,6","1,2,2,2;1,2,2,2;1,2,2,2;1,2,2,2;1,2,2,2;1,2,2,2;1,2,2,2;1,2,2,2;1,2,2,2;","4,9,12,1;1,6,9,4;12,10,7,12;9,7,7,3;9,4,12,3;5,1,1,3;5,6,7,3;10,10,6,10;5,6,5,4;"
117,0,13,"1,1,1,1,1,1,1,1,1,1,1,1,1,1,2","4,4,4,4,4,4,4,4,4,4,4,4,4,4,4","8,0;8,2;8,4;8,6;8,8;4,0;4,2;4,4;4,6;4,8;0,0;0,2;0,8","1,1,1,1;1,1,1,1;1,1,1,1;1,1,1,1;1,1,1,1;1,1,1,1;1,1,1,1;1,1,1,1;1,1,1,1;1,1,1,1;1,1,1,1;1,1,1,1;","4,5,4,5;7,2,8,7;5,3,11,12;8,4,2,8;10,8,9,11;12,9,10,5;4,12,7,6;1,7,1,12;2,3,9,6;6,2,11,6;10,9,3,11;1,1,10,3;"
118,0,11,"1,1,1,1,1,1,1,1,1,1,1,2","4,4,4,4,4,4,4,4,4,4,4,4","8,0;8,2;8,4;8,6;4,0;4,2;4,4;4,6;0,0;0,6","1,1,1,1;1,1,1,1;1,1,1,1;1,1,1,1;1,1,1,1;1,1,1,1;1,1,1,1;1,1,1,1;1,1,1,1;","7,1,6,5;4,10,7,9;9,5,3,3;5,7,10,6;1,6,10,3;9,12,4,9;12,12,4,3;6,5,1,4;7,12,10,1;"
119,0,13,"1,1,1,1,1,1,1,1,1,1,1,1,1,1,2","4,4,4,4,4,4,4,4,4,4,4,4,4,4,4","8,0;8,2;8,4;8,6;8,8;4,0;4,2;4,4;4,6;4,8;0,0;0,2;0,8","1,2,2,2;1,2,2,2;1,2,2,2;1,2,2,2;1,2,2,2;1,2,2,2;1,2,2,2;1,2,2,2;1,2,2,2;1,2,2,2;1,2,2,2;1,2,2,2;","2,12,2,7;7,1,3,5;9,11,4,6;5,1,8,9;1,10,5,12;9,1,12,4;6,11,9,3;11,10,3,5;12,2,10,7;8,6,3,8;10,4,11,8;4,7,2,6;"
120,0,11,"1,1,1,1,1,1,1,1,1,1,1,2","4,4,4,4,4,4,4,4,4,4,4,4","8,0;8,2;8,4;8,6;4,0;4,2;4,4;4,6;0,0;0,6","1,1,1,1;1,1,1,1;1,1,1,1;1,1,1,1;1,1,1,1;1,1,1,1;1,1,1,1;1,1,1,1;1,1,1,1;","9,9,12,7;4,4,12,3;6,10,7,4;10,1,3,12;5,12,6,3;4,1,10,10;3,1,7,1;6,6,7,5;5,9,9,5;"
121,0,13,"1,1,1,1,1,1,1,1,1,1,1,1,1,1,2","4,4,4,4,4,4,4,4,4,4,4,4,4,4,4","8,0;8,2;8,4;8,6;8,8;4,0;4,2;4,4;4,6;4,8;0,0;0,2;0,8","1,1,1,1;1,1,1,1;1,1,1,1;1,1,1,1;1,1,1,1;1,1,1,1;1,1,1,1;1,1,1,1;1,1,1,1;1,1,1,1;1,1,1,1;1,1,1,1;","6,9,7,3;8,10,1,12;2,1,11,8;5,9,9,11;12,1,7,5;10,11,4,7;11,2,10,3;6,8,3,12;4,12,2,4;4,9,5,2;5,1,10,7;8,6,3,6;"
122,0,11,"1,1,1,1,1,1,1,1,1,1,1,2","4,4,4,4,4,4,4,4,4,4,4,4","8,0;8,2;8,4;8,6;4,0;4,2;4,4;4,6;0,0;0,6","1,2,2,2;1,2,2,2;1,2,2,2;1,2,2,2;1,2,2,2;1,2,2,2;1,2,2,2;1,2,2,2;1,2,2,2;","5,1,7,3;4,9,10,7;1,6,3,12;3,4,10,7;6,1,10,1;9,6,10,4;9,12,9,5;4,5,5,6;12,3,12,7;"
123,0,13,"1,1,1,1,1,1,1,1,1,1,1,1,1,1,2","4,4,4,4,4,4,4,4,4,4,4,4,4,4,4","8,0;8,2;8,4;8,6;8,8;4,0;4,2;4,4;4,6;4,8;0,0;0,2;0,8","1,1,1,1;1,1,1,1;1,1,1,1;1,1,1,1;1,1,1,1;1,1,1,1;1,1,1,1;1,1,1,1;1,1,1,1;1,1,1,1;1,1,1,1;1,1,1,1;","10,2,11,9;8,5,4,6;10,1,6,2;11,11,1,12;4,1,8,7;2,3,2,3;1,7,12,10;12,3,12,4;11,4,10,8;7,9,3,5;6,9,7,5;8,6,5,9;"
124,0,11,"1,1,1,1,1,1,1,1,1,1,1,2","4,4,4,4,4,4,4,4,4,4,4,4","8,0;8,2;8,4;8,6;4,0;4,2;4,4;4,6;0,0;0,6","1,1,1,1;1,1,1,1;1,1,1,1;1,1,1,1;1,1,1,1;1,1,1,1;1,1,1,1;1,1,1,1;1,1,1,1;","10,4,4,10;4,9,9,5;12,5,12,7;6,1,12,4;6,3,1,10;1,3,10,3;7,7,3,1;6,9,7,12;6,5,5,9;"
125,0,13,"1,1,1,1,1,1,1,1,1,1,1,1,1,1,2","4,4,4,4,4,4,4,4,4,4,4,4,4,4,4","8,0;8,2;8,4;8,6;8,8;4,0;4,2;4,4;4,6;4,8;0,0;0,2;0,8","1,2,2,2;1,2,2,2;1,2,2,2;1,2,2,2;1,2,2,2;1,2,2,2;1,2,2,2;1,2,2,2;1,2,2,2;1,2,2,2;1,2,2,2;1,2,2,2;","9,4,3,7;1,5,11,4;3,12,12,1;3,2,4,11;8,8,7,1;5,9,11,5;2,10,4,8;9,5,10,7;6,11,1,3;10,8,2,6;6,6,12,9;7,12,2,10;"
126,0,11,"1,1,1,1,1,1,1,1,1,1,1,2","4,4,4,4,4,4,4,4,4,4,4,4","8,0;8,2;8,4;8,6;4,0;4,2;4,4;4,6;0,0;0,6","1,1,1,1;1,1,1,1;1,1,1,1;1,1,1,1;1,1,1,1;1,1,1,1;1,1,1,1;1,1,1,1;1,1,1,1;","5,3,5,5;1,7,7,5;12,9,6,6;1,7,10,6;3,3,7,10;9,10,10,6;4,4,12,9;12,3,4,9;12,1,1,4;"
127,0,13,"1,1,1,1,1,1,1,1,1,1,1,1,1,1,2","4,4,4,4,4,4,4,4,4,4,4,4,4,4,4","8,0;8,2;8,4;8,6;8,8;4,0;4,2;4,4;4,6;4,8;0,0;0,2;0,8","1,1,1,1;1,1,1,1;1,1,1,1;1,1,1,1;1,1,1,1;1,1,1,1;1,1,1,1;1,1,1,1;1,1,1,1;1,1,1,1;1,1,1,1;1,1,1,1;","10,1,12,8;8,6,3,4;2,1,2,12;5,4,9,10;7,4,6,7;12,6,10,1;12,7,5,1;3,9,9,11;3,11,11,5;5,2,2,7;6,10,8,3;9,4,8,11;"
128,0,11,"1,1,1,1,1,1,1,1,1,1,1,2","4,4,4,4,4,4,4,4,4,4,4,4","8,0;8,2;8,4;8,6;4,0;4,2;4,4;4,6;0,0;0,6","1,2,2,2;1,2,2,2;1,2,2,2;1,2,2,2;1,2,2,2;1,2,2,2;1,2,2,2;1,2,2,2;1,2,2,2;","9,3,3,9;1,3,5,10;4,4,9,10;4,7,6,7;6,5,1,12;10,7,6,3;1,6,10,5;5,12,1,9;4,7,12,12;"
129,0,13,"1,1,1,1,1,1,1,1,1,1,1,1,1,1,2","4,4,4,4,4,4,4,4,4,4,4,4,4,4,4","8,0;8,2;8,4;8,6;8,8;4,0;4,2;4,4;4,6;4,8;0,0;0,2;0,8","1,1,1,1;1,1,1,1;1,1,1,1;1,1,1,1;1,1,1,1;1,1,1,1;1,1,1,1;1,1,1,1;1,1,1,1;1,1,1,1;1,1,1,1;1,1,1,1;","7,2,11,9;7,8,8,11;3,10,6,11;3,12,9,2;5,8,1,4;1,4,9,7;1,10,9,11;7,4,10,5;6,5,12,1;2,10,12,3;6,3,8,6;2,12,4,5;"
130,0,11,"1,1,1,1,1,1,1,1,1,1,1,2","4,4,4,4,4,4,4,4,4,4,4,4","8,0;8,2;8,4;8,6;4,0;4,2;4,4;4,6;0,0;0,6","1,1,1,1;1,1,1,1;1,1,1,1;1,1,1,1;1,1,1,1;1,1,1,1;1,1,1,1;1,1,1,1;1,1,1,1;","10,7,4,12;1,5,10,6;3,1,12,9;3,10,5,7;7,1,12,9;6,4,6,4;9,3,5,4;9,7,3,5;12,10,1,6;"
131,0,13,"1,1,1,1,1,1,1,1,1,1,1,1,1,1,2","4,4,4,4,4,4,4,4,4,4,4,4,4,4,4","8,0;8,2;8,4;8,6;8,8;4,0;4,2;4,4;4,6;4,8;0,0;0,2;0,8","1,2,2,2;1,2,2,2;1,2,2,2;1,2,2,2;1,2,2,2;1,2,2,2;1,2,2,2;1,2,2,2;1,2,2,2;1,2,2,2;1,2,2,2;1,2,2,2;","5,11,5,2;3,3,8,9;7,5,6,10;10,7,5,2;8,4,12,12;7,1,6,11;4,6,1,10;6,3,8,3;11,1,9,9;1,11,10,9;8,2,12,12;7,4,4,2;"
132,0,11,"1,1,1,1,1,1,1,1,1,1,1,2","4,4,4,4,4,4,4,4,4,4,4,4","8,0;8,2;8,4;8,6;4,0;4,2;4,4;4,6;0,0;0,6","1,1,1,1;1,1,1,1;1,1,1,1;1,1,1,1;1,1,1,1;1,1,1,1;1,1,1,1;1,1,1,1;1,1,1,1;","4,7,1,4;4,12,9,1;6,9,5,6;3,5,6,1;9,12,3,7;1,5,6,12;12,10,10,4;3,7,7,10;10,3,5,9;"
133,0,13,"1,1,1,1,1,1,1,1,1,1,1,1,1,1,2","4,4,4,4,4,4,4,4,4,4,4,4,4,4,4","8,0;8,2;8,4;8,6;8,8;4,0;4,2;4,4;4,6;4,8;0,0;0,2;0,8","1,1,1,1;1,1,1,1;1,1,1,1;1,1,1,1;1,1,1,1;1,1,1,1;1,1,1,1;1,1,1,1;1,1,1,1;1,1,1,1;1,1,1,1;1,1,1,1;","10,2,12,6;7,9,2,1;3,1,2,12;6,11,4,6;5,5,11,8;7,12,3,9;8,11,11,3;1,4,8,10;12,5,2,6;8,9,7,1;5,10,4,7;9,3,4,10;"
134,0,11,"1,1,1,1,1,1,1,1,1,1,1,2","4,4,4,4,4,4,4,4,4,4,4,4","8,0;8,2;8,4;8,6;4,0;4,2;4,4;4,6;0,0;0,6","1,2,2,2;1,2,2,2;1,2,2,2;1,2,2,2;1,2,2,2;1,2,2,2;1,2,2,2;1,2,2,2;1,2,2,2;","10,9,9,12;4,12,10,9;12,4,12,3;5,5,6,9;7,1,1,6;6,3,7,5;1,7,5,10;3,7,3,4;4,6,1,10;"
135,0,13,"1,1,1,1,1,1,1,1,1,1,1,1,1,1,2","4,4,4,4,4,4,4,4,4,4,4,4,4,4,4","8,0;8,2;8,4;8,6;8,8;4,0;4,2;4,4;4,6;4,8;0,0;0,2;0,8","1,1,1,1;1,1,1,1;1,1,1,1;1,1,1,1;1,1,1,1;1,1,1,1;1,1,1,1;1,1,1,1;1,1,1,1;1,1,1,1;1,1,1,1;1,1,1,1;","8,5,11,2;7,2,3,3;10,9,10,6;5,2,8,11;6,2,7,1;6,1,12,10;3,4,6,7;4,10,9,1;9,9,7,5;4,12,4,1;8,11,11,3;5,12,8,12;"
136,0,11,"1,1,1,1,1,1,1,1,1,1,1,2","4,4,4,4,4,4,4,4,4,4,4,4","8,0;8,2;8,4;8,6;4,0;4,2;4,4;4,6;0,0;0,6","1,1,1,1;1,1,1,1;1,1,1,1;1,1,1,1;1,1,1,1;1,1,1,1;1,1,1,1;1,1,1,1;1,1,1,1;","7,9,9,12;1,10,12,4;3,10,7,1;5,7,9,12;1,3,6,1;4,5,3,10;6,4,6,10;5,5,12,4;9,3,6,7;"
137,0,13,"1,1,1,1,1,1,1,1,1,1,1,1,1,1,2","4,4,4,4,4,4,4,4,4,4,4,4,4,4,4","8,0;8,2;8,4;8,6;8,8;4,0;4,2;4,4;4,6;4,8;0,0;0,2;0,8","1,2,2,2;1,2,2,2;1,2,2,2;1,2,2,2;1,2,2,2;1,2,2,2;1,2,2,2;1,2,2,2;1,2,2,2;1,2,2,2;1,2,2,2;1,2,2,2;","11,8,2,6;3,8,5,12;11,1,10,9;6,7,4,7;3,10,10,9;3,6,9,11;5,8,5,2;7,2,1,2;3,4,4,4;5,12,12,1;10,9,11,6;7,1,12,8;"
138,0,11,"1,1,1,1,1,1,1,1,1,1,1,2","4,4,4,4,4,4,4,4,4,4,4,4","8,0;8,2;8,4;8,6;4,0;4,2;4,4;4,6;0,0;0,6","1,1,1,1;1,1,1,1;1,1,1,1;1,1,1,1;1,1,1,1;1,1,1,1;1,1,1,1;1,1,1,1;1,1,1,1;","7,7,4,3;4,3,10,9;3,6,1,5;1,3,5,7;12,4,5,10;6,5,1,12;7,12,9,10;6,4,6,9;10,9,12,1;"
139,0,13,"1,1,1,1,1,1,1,1,1,1,1,1,1,1,2","4,4,4,4,4,4,4,4,4,4,4,4,4,4,4","8,0;8,2;8,4;8,6;8,8;4,0;4,2;4,4;4,6;4,8;0,0;0,2;0,8","1,1,1,1;1,1,1,1;1,1,1,1;1,1,1,1;1,1,1,1;1,1,1,1;1,1,1,1;1,1,1,1;1,1,1,1;1,1,1,1;1,1,1,1;1,1,1,1;","11,6,12,1;7,3,4,5;9,1,5,7;2,12,10,12;3,3,7,4;7,8,5,6;8,8,8,9;5,6,12,11;4,2,11,9;9,10,6,2;1,10,11,3;2,10,1,4;"
140,0,11,"1,1,1,1,1,1,1,1,1,1,1,2","4,4,4,4,4,4,4,4,4,4,4,4","8,0;8,2;8,4;8,6;4,0;4,2;4,4;4,6;0,0;0,6","1,2,2,2;1,2,2,2;1,2,2,2;1,2,2,2;1,2,2,2;1,2,2,2;1,2,2,2;1,2,2,2;1,2,2,2;","1,6,10,5;12,12,9,10;5,1,7,5;12,4,7,7;7,12,6,4;9,1,9,3;6,10,1,10;4,3,5,6;3,4,9,3;"
141,0,13,"1,1,1,1,1,1,1,1,1,1,1,1,1,1,2","4,4,4,4,4,4,4,4,4,4,4,4,4,4,4","8,0;8,2;8,4;8,6;8,8;4,0;4,2;4,4;4,6;4,8;0,0;0,2;0,8","1,1,1,1;1,1,1,1;1,1,1,1;1,1,1,1;1,1,1,1;1,1,1,1;1,1,1,1;1,1,1,1;1,1,1,1;1,1,1,1;1,1,1,1;1,1,1,1;","8,9,10,11;7,7,2,12;12,7,5,9;6,1,10,3;10,4,6,1;8,11,2,4;9,9,6,8;1,6,7,5;8,12,1,10;12,3,11,11;3,3,4,5;5,2,4,2;"
142,0,11,"1,1,1,1,1,1,1,1,1,1,1,2","4,4,4,4,4,4,4,4,4,4,4,4","8,0;8,2;8,4;8,6;4,0;4,2;4,4;4,6;0,0;0,6","1,1,1,1;1,1,1,1;1,1,1,1;1,1,1,1;1,1,1,1;1,1,1,1;1,1,1,1;1,1,1,1;1,1,1,1;","9,5,12,1;4,9,7,7;12,5,3,5;1,4,4,1;6,10,7,3;9,6,12,3;5,10,4,6;10,10,7,6;9,3,1,12;"
143,0,13,"1,1,1,1,1,1,1,1,1,1,1,1,1,1,2","4,4,4,4,4,4,4,4,4,4,4,4,4,4,4","8,0;8,2;8,4;8,6;8,8;4,0;4,2;4,4;4,6;4,8;0,0;0,2;0,8","1,2,2,2;1,2,2,2;1,2,2,2;1,2,2,2;1,2,2,2;1,2,2,2;1,2,2,2;1,2,2,2;1,2,2,2;1,2,2,2;1,2,2,2;1,2,2,2;","4,11,3,4;8,1,12,8;5,10,11,2;3,7,12,12;10,6,8,12;1,9,3,4;1,9,11,6;2,9,5,11;5,2,2,10;6,1,7,5;10,9,7,4;7,8,3,6;"
144,0,11,"1,1,1,1,1,1,1,1,1,1,1,2","4,4,4,4,4,4,4,4,4,4,4,4","8,0;8,2;8,4;8,6;4,0;4,2;4,4;4,6;0,0;0,6","1,1,1,1;1,1,1,1;1,1,1,1;1,1,1,1;1,1,1,1;1,1,1,1;1,1,1,1;1,1,1,1;1,1,1,1;","6,7,3,10;4,3,12,1;4,12,4,9;1,3,9,12;10,10,6,5;4,9,12,5;9,7,7,6;5,10,5,7;1,3,1,6;"
145,0,13,"1,1,1,1,1,1,1,1,1,1,1,1,1,1,2","4,4,4,4,4,4,4,4,4,4,4,4,4,4,4","8,0;8,2;8,4;8,6;8,8;4,0;4,2;4,4;4,6;4,8;0,0;0,2;0,8","1,1,1,1;1,1,1,1;1,1,1,1;1,1,1,1;1,1,1,1;1,1,1,1;1,1,1,1;1,1,1,1;1,1,1,1;1,1,1,1;1,1,1,1;1,1,1,1;","5,1,4,6;3,11,12,10;7,4,12,2;2,7,8,5;5,12,8,8;3,5,9,4;11,10,10,11;9,11,10,6;1,2,6,3;6,12,9,8;9,2,7,1;7,3,4,1;"
146,0,11,"1,1,1,1,1,1,1,1,1,1,1,2","4,4,4,4,4,4,4,4,4,4,4,4","8,0;8,2;8,4;8,6;4,0;4,2;4,4;4,6;0,0;0,6","1,2,2,2;1,2,2,2;1,2,2,2;1,2,2,2;1,2,2,2;1,2,2,2;1,2,2,2;1,2,2,2;1,2,2,2;","1,3,5,12;10,9,6,9;3,6,4,9;1,10,3,4;1,9,5,7;5,3,1,7;7,12,6,10;12,4,6,12;4,7,10,5;"
147,0,13,"1,1,1,1,1,1,1,1,1,1,1,1,1,1,2","4,4,4,4,4,4,4,4,4,4,4,4,4,4,4","8,0;8,2;8,4;8,6;8,8;4,0;4,2;4,4;4,6;4,8;0,0;0,2;0,8","1,1,1,1;1,1,1,1;1,1,1,1;1,1,1,1;1,1,1,1;1,1,1,1;1,1,1,1;1,1,1,1;1,1,1,1;1,1,1,1;1,1,1,1;1,1,1,1;","1,11,6,8;3,5,1,10;12,8,4,9;3,6,4,4;9,2,7,11;1,2,3,9;1,12,3,8;11,5,7,2;12,10,5,5;7,12,6,4;8,2,6,7;9,10,10,11;"
148,0,11,"1,1,1,1,1,1,1,1,1,1,1,2","4,4,4,4,4,4,4,4,4,4,4,4","8,0;8,2;8,4;8,6;4,0;4,2;4,4;4,6;0,0;0,6","1,1,1,1;1,1,1,1;1,1,1,1;1,1,1,1;1,1,1,1;1,1,1,1;1,1,1,1;1,1,1,1;1,1,1,1;","3,6,6,4;4,3,1,9;4,5,9,1;3,12,1,12;10,3,10,6;7,5,5,7;7,10,7,4;1,12,5,12;9,10,9,6;"
149,0,13,"1,1,1,1,1,1,1,1,1,1,1,1,1,1,2","4,4,4,4,4,4,4,4,4,4,4,4,4,4,4","8,0;8,2;8,4;8,6;8,8;4,0;4,2;4,4;4,6;4,8;0,0;0,2;0,8","1,2,2,2;1,2,2,2;1,2,2,2;1,2,2,2;1,2,2,2;1,2,2,2;1,2,2,2;1,2,2,2;1,2,2,2;1,2,2,2;1,2,2,2;1,2,2,2;","11,8,1,5;12,11,11,5;4,6,4,3;11,2,4,1;12,5,5,8;2,7,7,7;10,9,1,7;4,10,10,9;6,12,12,6;9,6,1,8;3,3,8,2;3,10,2,9;"
150,0,11,"1,1,1,1,1,1,1,1,1,1,1,2","4,4,4,4,4,4,4,4,4,4,4,4","8,0;8,2;8,4;8,6;4,0;4,2;4,4;4,6;0,0;0,6","1,1,1,1;1,1,1,1;1,1,1,1;1,1,1,1;1,1,1,1;1,1,1,1;1,1,1,1;1,1,1,1;1,1,1,1;","3,9,3,1;1,12,7,9;4,12,5,6;10,3,12,5;10,12,10,7;1,9,5,7;4,1,6,6;3,4,5,7;9,6,4,10;"
151,0,13,"1,1,1,1,1,1,1,1,1,1,1,1,1,1,2","4,4,4,4,4,4,4,4,4,4,4,4,4,4,4","8,0;8,2;8,4;8,6;8,8;4,0;4,2;4,4;4,6;4,8;0,0;0,2;0,8","1,1,1,1;1,1,1,1;1,1,1,1;1,1,1,1;1,1,1,1;1,1,1,1;1,1,1,1;1,1,1,1;1,1,1,1;1,1,1,1;1,1,1,1;1,1,1,1;","5,1,12,11;9,1,4,6;8,3,5,5;8,8,7,11;11,6,7,6;7,3,2,4;10,10,1,5;8,4,9,4;9,3,11,1;10,2,2,3;12,7,12,2;6,12,9,10;"
152,0,11,"1,1,1,1,1,1,1,1,1,1,1,2","4,4,4,4,4,4,4,4,4,4,4,4","8,0;8,2;8,4;8,6;4,0;4,2;4,4;4,6;0,0;0,6","1,2,2,2;1,2,2,2;1,2,2,2;1,2,2,2;1,2,2,2;1,2,2,2;1,2,2,2;1,2,2,2;1,2,2,2;","9,3,6,3;12,9,10,1;5,4,3,5;4,6,9,1;10,6,7,12;12,1,10,5;9,7,1,7;7,10,4,5;4,3,12,6;"
153,0,13,"1,1,1,1,1,1,1,1,1,1,1,1,1,1,2","4,4,4,4,4,4,4,4,4,4,4,4,4,4,4","8,0;8,2;8,4;8,6;0,8;4,0;4,2;4,4;4,6;4,8;0,0;0,2;8,8","1,1,1,1;1,1,1,1;1,1,1,1;1,1,1,1;;1,1,1,1;1,1,1,1;1,1,1,1;1,1,1,1;1,1,1,1;1,1,1,1;1,1,1,1;1,1,1,1","2,2,8,4;9,1,5,3;4,10,6,3;3,8,12,2;;8,9,12,4;7,12,9,11;11,7,6,9;11,1,10,5;1,5,4,7;10,11,10,2;12,6,8,6;1,5,3,7"
154,0,11,"1,1,1,1,1,1,1,1,1,1,1,2","4,4,4,4,4,4,4,4,4,4,4,4","8,0;8,2;8,4;8,6;4,0;4,2;4,4;4,6;0,0;0,6","1,1,1,1;1,1,1,1;1,1,1,1;1,1,1,1;1,1,1,1;1,1,1,1;1,1,1,1;1,1,1,1;1,1,1,1;","5,9,12,7;7,4,10,3;4,6,10,10;4,1,7,5;1,3,6,5;4,10,3,9;5,7,1,12;6,1,9,12;3,6,12,9;"
155,0,13,"1,1,1,1,1,1,1,1,1,1,1,1,1,1,2","4,4,4,4,4,4,4,4,4,4,4,4,4,4,4","8,0;8,2;8,4;8,6;8,8;4,0;4,2;4,4;4,6;4,8;0,0;0,2;0,8","1,2,2,2;1,2,2,2;1,2,2,2;1,2,2,2;1,2,2,2;1,2,2,2;1,2,2,2;1,2,2,2;1,2,2,2;1,2,2,2;1,2,2,2;1,2,2,2;","10,10,6,5;4,1,10,12;1,3,7,2;1,8,12,4;7,2,6,8;11,5,8,3;11,2,6,3;12,12,9,10;4,7,5,8;7,11,9,9;5,11,6,9;3,2,4,1;"
156,0,11,"1,1,1,1,1,1,1,1,1,1,1,2","4,4,4,4,4,4,4,4,4,4,4,4","8,0;8,2;8,4;8,6;4,0;4,2;4,4;4,6;0,0;0,6","1,1,1,1;1,1,1,1;1,1,1,1;1,1,1,1;1,1,1,1;1,1,1,1;1,1,1,1;1,1,1,1;1,1,1,1;","7,6,10,4;5,12,1,1;3,1,9,4;5,9,10,7;10,4,10,7;6,5,6,4;12,5,1,12;12,3,9,7;3,6,9,3;"
157,0,13,"1,1,1,1,1,1,1,1,1,1,1,1,1,1,2","4,4,4,4,4,4,4,4,4,4,4,4,4,4,4","8,0;8,2;8,4;8,6;8,8;4,0;4,2;4,4;4,6;4,8;0,0;0,2;0,8","1,1,1,1;1,1,1,1;1,1,1,1;1,1,1,1;1,1,1,1;1,1,1,1;1,1,1,1;1,1,1,1;1,1,1,1;1,1,1,1;1,1,1,1;1,1,1,1;","6,4,5,11;4,3,11,7;10,10,3,10;11,1,8,3;12,4,2,3;2,2,7,10;6,2,9,1;8,8,12,9;11,5,12,9;5,8,1,6;7,1,7,6;4,9,12,5;"
158,0,11,"1,1,1,1,1,1,1,1,1,1,1,2","4,4,4,4,4,4,4,4,4,4,4,4","8,0;8,2;8,4;8,6;4,0;4,2;4,4;4,6;0,0;0,6","1,2,2,2;1,2,2,2;1,2,2,2;1,2,2,2;1,2,2,2;1,2,2,2;1,2,2,2;1,2,2,2;1,2,2,2;","10,10,6,5;12,6,3,6;7,3,3,10;9,12,9,6;9,7,4,10;5,12,4,1;1,7,5,1;9,12,3,7;4,4,5,1;"
159,0,13,"1,1,1,1,1,1,1,1,1,1,1,1,1,1,2","4,4,4,4,4,4,4,4,4,4,4,4,4,4,4","8,0;8,2;8,4;8,6;8,8;4,0;4,2;4,4;4,6;4,8;0,0;0,2;0,8","1,1,1,1;1,1,1,1;1,1,1,1;1,1,1,1;1,1,1,1;1,1,1,1;1,1,1,1;1,1,1,1;1,1,1,1;1,1,1,1;1,1,1,1;1,1,1,1;","1,12,11,8;7,1,9,10;3,7,2,5;11,3,7,5;2,7,9,2;8,10,10,6;4,12,12,5;6,1,5,3;4,10,2,6;6,3,11,1;9,8,4,11;8,12,9,4;"
160,0,11,"1,1,1,1,1,1,1,1,1,1,1,2","4,4,4,4,4,4,4,4,4,4,4,4","8,0;8,2;8,4;8,6;4,0;4,2;4,4;4,6;0,0;0,6","1,1,1,1;1,1,1,1;1,1,1,1;1,1,1,1;1,1,1,1;1,1,1,1;1,1,1,1;1,1,1,1;1,1,1,1;","1,10,7,12;9,5,10,9;4,4,6,3;1,3,12,3;7,4,9,7;4,1,6,7;5,12,9,10;5,1,3,5;6,12,10,6;"
161,0,13,"1,1,1,1,1,1,1,1,1,1,1,1,1,1,2","4,4,4,4,4,4,4,4,4,4,4,4,4,4,4","8,0;8,2;8,4;8,6;8,8;4,0;4,2;4,4;4,6;4,8;0,0;0,2;0,8","1,2,2,2;1,2,2,2;1,2,2,2;1,2,2,2;1,2,2,2;1,2,2,2;1,2,2,2;1,2,2,2;1,2,2,2;1,2,2,2;1,2,2,2;1,2,2,2;","6,6,12,2;7,4,10,8;5,4,5,2;5,11,8,9;4,9,2,9;10,1,9,7;12,8,2,10;3,7,1,6;8,1,11,5;6,4,10,3;1,3,11,11;3,7,12,12;"
162,0,11,"1,1,1,1,1,1,1,1,1,1,1,2","4,4,4,4,4,4,4,4,4,4,4,4","8,0;8,2;8,4;8,6;4,0;4,2;4,4;4,6;0,0;0,6","1,1,1,1;1,1,1,1;1,1,1,1;1,1,1,1;1,1,1,1;1,1,1,1;1,1,1,1;1,1,1,1;1,1,1,1;","4,5,12,7;7,5,7,5;4,9,4,3;1,10,9,3;10,10,12,12;12,1,5,9;6,3,3,7;6,6,4,1;10,9,6,1;"
163,0,13,"1,1,1,1,1,1,1,1,1,1,1,1,1,1,2","4,4,4,4,4,4,4,4,4,4,4,4,4,4,4","8,0;8,2;8,4;8,6;8,8;4,0;4,2;4,4;4,6;4,8;0,0;0,2;0,8","1,1,1,1;1,1,1,1;1,1,1,1;1,1,1,1;1,1,1,1;1,1,1,1;1,1,1,1;1,1,1,1;1,1,1,1;1,1,1,1;1,1,1,1;1,1,1,1;","8,6,7,1;1,6,10,5;1,7,2,8;3,5,4,6;10,7,2,11;4,9,12,12;11,7,8,10;9,5,12,1;12,5,2,4;11,9,6,3;9,8,10,11;3,4,2,3;"
164,0,11,"1,1,1,1,1,1,1,1,1,1,1,2","4,4,4,4,4,4,4,4,4,4,4,4","8,0;8,2;8,4;8,6;4,0;4,2;4,4;4,6;0,0;0,6","1,2,2,2;1,2,2,2;1,2,2,2;1,2,2,2;1,2,2,2;1,2,2,2;1,2,2,2;1,2,2,2;1,2,2,2;","1,3,7,10;4,6,1,9;6,6,6,1;12,9,3,12;12,10,10,4;12,7,5,4;5,1,9,7;10,5,5,3;4,3,9,7;"
165,0,13,"1,1,1,1,1,1,1,1,1,1,1,1,1,1,2","4,4,4,4,4,4,4,4,4,4,4,4,4,4,4","8,0;8,2;8,4;8,6;8,8;4,0;4,2;4,4;4,6;4,8;0,0;0,2;0,8","1,1,1,1;1,1,1,1;1,1,1,1;1,1,1,1;1,1,1,1;1,1,1,1;1,1,1,1;1,1,1,1;1,1,1,1;1,1,1,1;1,1,1,1;1,1,1,1;","6,7,7,6;5,11,1,2;8,4,11,11;3,12,2,10;4,1,7,5;7,12,8,12;10,2,9,12;10,4,1,6;8,6,9,3;5,9,5,8;10,1,2,11;4,3,9,3;"
166,0,11,"1,1,1,1,1,1,1,1,1,1,1,2","4,4,4,4,4,4,4,4,4,4,4,4","8,0;8,2;8,4;8,6;4,0;4,2;4,4;4,6;0,0;0,6","1,1,1,1;1,1,1,1;1,1,1,1;1,1,1,1;1,1,1,1;1,1,1,1;1,1,1,1;1,1,1,1;1,1,1,1;","4,3,1,10;6,6,3,5;4,1,5,5;7,9,10,1;6,10,3,9;1,6,12,10;5,12,12,12;3,7,7,9;7,9,4,4;"
167,0,13,"1,1,1,1,1,1,1,1,1,1,1,1,1,1,2","4,4,4,4,4,4,4,4,4,4,4,4,4,4,4","8,0;8,2;8,4;8,6;8,8;4,0;4,2;4,4;4,6;4,8;0,0;0,2;0,8","1,2,2,2;1,2,2,2;1,2,2,2;1,2,2,2;1,2,2,2;1,2,2,2;1,2,2,2;1,2,2,2;1,2,2,2;1,2,2,2;1,2,2,2;1,2,2,2;","7,12,1,2;4,12,2,6;9,10,8,4;9,9,6,8;12,4,3,2;3,1,10,10;11,6,1,1;8,2,7,5;5,11,11,11;9,5,12,5;6,3,8,7;3,10,7,4;"
168,0,11,"1,1,1,1,1,1,1,1,1,1,1,2","4,4,4,4,4,4,4,4,4,4,4,4","8,0;8,2;8,4;8,6;4,0;4,2;4,4;4,6;0,0;0,6","1,1,1,1;1,1,1,1;1,1,1,1;1,1,1,1;1,1,1,1;1,1,1,1;1,1,1,1;1,1,1,1;1,1,1,1;","3,10,5,12;7,4,12,3;1,5,6,12;4,12,3,1;9,4,6,10;4,7,6,9;5,6,10,5;1,3,7,10;1,9,7,9;"
169,0,13,"1,1,1,1,1,1,1,1,1,1,1,1,1,1,2","4,4,4,4,4,4,4,4,4,4,4,4,4,4,4","8,0;8,2;8,4;8,6;8,8;4,0;4,2;4,4;4,6;4,8;0,0;0,2;0,8","1,1,1,1;1,1,1,1;1,1,1,1;1,1,1,1;1,1,1,1;1,1,1,1;1,1,1,1;1,1,1,1;1,1,1,1;1,1,1,1;1,1,1,1;1,1,1,1;","3,12,2,4;6,7,8,2;8,11,10,3;3,4,12,9;7,6,11,1;12,10,4,5;8,3,9,9;8,7,5,5;9,1,12,5;10,4,1,6;10,2,11,1;11,2,6,7;"
170,0,11,"1,1,1,1,1,1,1,1,1,1,1,2","4,4,4,4,4,4,4,4,4,4,4,4","8,0;8,2;8,4;8,6;4,0;4,2;4,4;4,6;0,0;0,6","1,2,2,2;1,2,2,2;1,2,2,2;1,2,2,2;1,2,2,2;1,2,2,2;1,2,2,2;1,2,2,2;1,2,2,2;","10,7,9,9;5,4,7,5;1,1,6,12;6,3,10,12;10,1,3,7;7,4,1,3;5,10,6,9;5,3,6,9;4,12,4,12;"
171,0,13,"1,1,1,1,1,1,1,1,1,1,1,1,1,1,2","4,4,4,4,4,4,4,4,4,4,4,4,4,4,4","8,0;8,2;8,4;8,6;8,8;4,0;4,2;4,4;4,6;4,8;0,0;0,2;0,8","1,1,1,1;1,1,1,1;1,1,1,1;1,1,1,1;1,1,1,1;1,1,1,1;1,1,1,1;1,1,1,1;1,1,1,1;1,1,1,1;1,1,1,1;1,1,1,1;","2,1,3,12;10,3,5,6;4,5,8,9;3,9,4,11;7,4,3,5;2,7,1,7;1,12,6,10;11,8,8,6;9,2,12,5;4,10,6,10;11,1,8,7;2,9,12,11;"
172,0,11,"1,1,1,1,1,1,1,1,1,1,1,2","4,4,4,4,4,4,4,4,4,4,4,4","8,0;8,2;8,4;8,6;4,0;4,2;4,4;4,6;0,0;0,6","1,1,1,1;1,1,1,1;1,1,1,1;1,1,1,1;1,1,1,1;1,1,1,1;1,1,1,1;1,1,1,1;1,1,1,1;","7,4,10,9;3,5,10,5;4,6,3,6;9,10,1,9;1,1,3,3;1,12,6,12;7,5,7,12;12,6,10,4;7,4,9,5;"
173,0,13,"1,1,1,1,1,1,1,1,1,1,1,1,1,1,2","4,4,4,4,4,4,4,4,4,4,4,4,4,4,4","8,0;8,2;8,4;8,6;8,8;4,0;4,2;4,4;4,6;4,8;0,0;0,2;0,8","1,2,2,2;1,2,2,2;1,2,2,2;1,2,2,2;1,2,2,2;1,2,2,2;1,2,2,2;1,2,2,2;1,2,2,2;1,2,2,2;1,2,2,2;1,2,2,2;","5,6,2,4;5,11,11,12;5,1,10,7;9,8,9,12;7,10,12,4;10,2,5,1;1,12,7,8;6,8,6,3;6,8,1,3;2,9,7,10;9,3,4,4;3,11,11,2;"
174,0,11,"1,1,1,1,1,1,1,1,1,1,1,2","4,4,4,4,4,4,4,4,4,4,4,4","8,0;8,2;8,4;8,6;4,0;4,2;4,4;4,6;0,0;0,6","1,1,1,1;1,1,1,1;1,1,1,1;1,1,1,1;1,1,1,1;1,1,1,1;1,1,1,1;1,1,1,1;1,1,1,1;","6,12,9,3;7,1,10,4;4,6,1,10;6,5,5,9;12,9,5,9;12,1,12,3;1,10,6,3;5,7,7,7;4,3,4,10;"
175,0,13,"1,1,1,1,1,1,1,1,1,1,1,1,1,1,2","4,4,4,4,4,4,4,4,4,4,4,4,4,4,4","8,0;8,2;8,4;8,6;8,8;4,0;4,2;4,4;4,6;4,8;0,0;0,2;0,8","1,1,1,1;1,1,1,1;1,1,1,1;1,1,1,1;1,1,1,1;1,1,1,1;1,1,1,1;1,1,1,1;1,1,1,1;1,1,1,1;1,1,1,1;1,1,1,1;","5,11,1,10;4,5,7,9;10,8,12,5;8,2,7,1;3,10,1,9;3,12,11,3;2,10,6,11;6,6,2,8;9,8,4,12;12,11,7,9;1,4,4,6;5,3,7,2;"
176,0,11,"1,1,1,1,1,1,1,1,1,1,1,2","4,4,4,4,4,4,4,4,4,4,4,4","8,0;8,2;8,4;8,6;4,0;4,2;4,4;4,6;0,0;0,6","1,2,2,2;1,2,2,2;1,2,2,2;1,2,2,2;1,2,2,2;1,2,2,2;1,2,2,2;1,2,2,2;1,2,2,2;","1,1,9,7;5,12,12,7;7,7,5,12;3,10,10,5;9,1,5,12;9,4,3,10;6,4,6,6;3,9,1,4;3,10,6,4;"
177,0,13,"1,1,1,1,1,1,1,1,1,1,1,1,1,1,2","4,4,4,4,4,4,4,4,4,4,4,4,4,4,4","8,0;8,2;8,4;8,6;8,8;4,0;4,2;4,4;4,6;4,8;0,0;0,2;0,8","1,1,1,1;1,1,1,1;1,1,1,1;1,1,1,1;1,1,1,1;1,1,1,1;1,1,1,1;1,1,1,1;1,1,1,1;1,1,1,1;1,1,1,1;1,1,1,1;","3,2,9,5;10,4,7,10;11,8,4,11;3,8,6,3;5,7,10,12;4,2,5,1;6,12,9,8;7,6,4,10;8,12,1,1;11,6,9,7;3,9,5,2;11,2,12,1;"
178,0,11,"1,1,1,1,1,1,1,1,1,1,1,2","4,4,4,4,4,4,4,4,4,4,4,4","8,0;8,2;8,4;8,6;4,0;4,2;4,4;4,6;0,0;0,6","1,1,1,1;1,1,1,1;1,1,1,1;1,1,1,1;1,1,1,1;1,1,1,1;1,1,1,1;1,1,1,1;1,1,1,1;","1,12,6,7;3,9,7,9;3,4,1,9;10,12,7,4;7,5,10,12;5,5,4,5;9,3,6,10;1,12,6,3;1,10,6,4;"
179,0,13,"1,1,1,1,1,1,1,1,1,1,1,1,1,1,2","4,4,4,4,4,4,4,4,4,4,4,4,4,4,4","8,0;8,2;8,4;8,6;8,8;4,0;4,2;4,4;4,6;4,8;0,0;0,2;0,8","1,2,2,2;1,2,2,2;1,2,2,2;1,2,2,2;1,2,2,2;1,2,2,2;1,2,2,2;1,2,2,2;1,2,2,2;1,2,2,2;1,2,2,2;1,2,2,2;","5,12,4,12;10,11,6,5;8,2,8,3;4,9,11,6;1,6,10,5;8,7,10,11;5,3,9,9;7,10,9,1;4,12,8,2;2,12,1,2;6,11,3,1;3,7,4,7;"
180,0,11,"1,1,1,1,1,1,1,1,1,1,1,2","4,4,4,4,4,4,4,4,4,4,4,4","8,0;8,2;8,4;8,6;4,0;4,2;4,4;4,6;0,0;0,6","1,1,1,1;1,1,1,1;1,1,1,1;1,1,1,1;1,1,1,1;1,1,1,1;1,1,1,1;1,1,1,1;1,1,1,1;","4,4,3,3;7,1,6,12;4,9,1,9;7,3,10,10;5,5,9,5;7,7,1,5;6,3,1,6;12,4,6,12;10,10,12,9;"
181,0,13,"1,1,1,1,1,1,1,1,1,1,1,1,1,1,2","4,4,4,4,4,4,4,4,4,4,4,4,4,4,4","8,0;8,2;8,4;8,6;8,8;4,0;4,2;4,4;4,6;4,8;0,0;0,2;0,8","1,1,1,1;1,1,1,1;1,1,1,1;1,1,1,1;1,1,1,1;1,1,1,1;1,1,1,1;1,1,1,1;1,1,1,1;1,1,1,1;1,1,1,1;1,1,1,1;","6,1,4,6;2,12,11,9;8,1,7,10;3,5,2,5;9,11,1,7;8,7,3,2;5,10,3,11;9,5,6,12;8,7,4,2;9,3,12,12;1,10,8,4;11,6,4,10;"
182,0,11,"1,1,1,1,1,1,1,1,1,1,1,2","4,4,4,4,4,4,4,4,4,4,4,4","8,0;8,2;8,4;8,6;4,0;4,2;4,4;4,6;0,0;0,6","1,2,2,2;1,2,2,2;1,2,2,2;1,2,2,2;1,2,2,2;1,2,2,2;1,2,2,2;1,2,2,2;1,2,2,2;","3,10,12,4;6,9,5,6;5,10,9,6;5,3,6,9;12,12,3,1;1,7,4,12;7,7,1,7;4,10,1,10;4,9,5,3;"
183,0,13,"1,1,1,1,1,1,1,1,1,1,1,1,1,1,2","4,4,4,4,4,4,4,4,4,4,4,4,4,4,4","8,0;8,2;8,4;8,6;8,8;4,0;4,2;4,4;4,6;4,8;0,0;0,2;0,8","1,1,1,1;1,1,1,1;1,1,1,1;1,1,1,1;1,1,1,1;1,1,1,1;1,1,1,1;1,1,1,1;1,1,1,1;1,1,1,1;1,1,1,1;1,1,1,1;","5,6,4,11;3,1,4,2;5,6,6,12;3,8,7,12;3,3,9,9;12,8,10,2;8,2,6,7;8,11,7,9;2,9,10,4;1,11,7,10;12,4,5,11;5,10,1,1;"
184,0,11,"1,1,1,1,1,1,1,1,1,1,1,2","4,4,4,4,4,4,4,4,4,4,4,4","8,0;8,2;8,4;8,6;4,0;4,2;4,4;4,6;0,0;0,6","1,1,1,1;1,1,1,1;1,1,1,1;1,1,1,1;1,1,1,1;1,1,1,1;1,1,1,1;1,1,1,1;1,1,1,1;","10,9,1,1;9,1,12,3;4,7,6,7;5,5,12,10;3,4,9,12;6,6,3,12;3,10,5,4;4,9,6,10;7,1,7,5;"
185,0,13,"1,1,1,1,1,1,1,1,1,1,1,1,1,1,2","4,4,4,4,4,4,4,4,4,4,4,4,4,4,4","8,0;8,2;8,4;8,6;8,8;4,0;4,2;4,4;4,6;4,8;0,0;0,2;0,8","1,2,2,2;1,2,2,2;1,2,2,2;1,2,2,2;1,2,2,2;1,2,2,2;1,2,2,2;1,2,2,2;1,2,2,2;1,2,2,2;1,2,2,2;1,2,2,2;","9,10,10,12;3,9,2,6;11,5,4,7;7,8,1,4;12,12,9,1;9,5,10,8;11,7,5,8;8,12,2,11;3,7,4,2;2,1,4,3;5,11,10,1;3,6,6,6;"
186,0,11,"1,1,1,1,1,1,1,1,1,1,1,2","4,4,4,4,4,4,4,4,4,4,4,4","8,0;8,2;8,4;8,6;4,0;4,2;4,4;4,6;0,0;0,6","1,1,1,1;1,1,1,1;1,1,1,1;1,1,1,1;1,1,1,1;1,1,1,1;1,1,1,1;1,1,1,1;1,1,1,1;","5,6,1,7;1,5,4,10;3,3,4,5;9,9,9,6;7,12,9,5;10,6,1,4;12,4,1,3;10,10,12,12;7,3,7,6;"
187,0,13,"1,1,1,1,1,1,1,1,1,1,1,1,1,1,2","4,4,4,4,4,4,4,4,4,4,4,4,4,4,4","8,0;8,2;8,4;8,6;8,8;4,0;4,2;4,4;4,6;4,8;0,0;0,2;0,8","1,1,1,1;1,1,1,1;1,1,1,1;1,1,1,1;1,1,1,1;1,1,1,1;1,1,1,1;1,1,1,1;1,1,1,1;1,1,1,1;1,1,1,1;1,1,1,1;","2,4,8,12;4,7,2,8;7,6,1,2;3,10,4,10;7,1,11,6;10,1,12,11;9,8,2,6;7,5,5,9;11,1,3,3;11,5,10,9;4,6,12,3;12,8,9,5;"
188,0,11,"1,1,1,1,1,1,1,1,1,1,1,2","4,4,4,4,4,4,4,4,4,4,4,4","8,0;8,2;8,4;8,6;4,0;4,2;4,4;4,6;0,0;0,6","1,2,2,2;1,2,2,2;1,2,2,2;1,2,2,2;1,2,2,2;1,2,2,2;1,2,2,2;1,2,2,2;1,2,2,2;","1,3,12,9;1,7,9,4;5,10,1,10;5,12,12,4;10,9,4,9;6,6,3,10;7,5,6,7;1,12,7,6;4,3,3,5;"
189,0,13,"1,1,1,1,1,1,1,1,1,1,1,1,1,1,2","4,4,4,4,4,4,4,4,4,4,4,4,4,4,4","8,0;8,2;8,4;8,6;8,8;4,0;4,2;4,4;4,6;4,8;0,0;0,2;0,8","1,1,1,1;1,1,1,1;1,1,1,1;1,1,1,1;1,1,1,1;1,1,1,1;1,1,1,1;1,1,1,1;1,1,1,1;1,1,1,1;1,1,1,1;1,1,1,1;","6,12,2,11;4,6,11,12;8,8,5,10;3,4,2,9;5,5,9,9;3,10,8,8;2,1,7,3;9,6,4,11;10,4,7,1;11,5,12,3;12,7,7,1;2,6,10,1;"
190,0,11,"1,1,1,1,1,1,1,1,1,1,1,2","4,4,4,4,4,4,4,4,4,4,4,4","8,0;8,2;8,4;8,6;4,0;4,2;4,4;4,6;0,0;0,6","1,1,1,1;1,1,1,1;1,1,1,1;1,1,1,1;1,1,1,1;1,1,1,1;1,1,1,1;1,1,1,1;1,1,1,1;","9,6,7,10;3,4,6,9;4,3,5,12;1,3,10,12;5,4,10,12;7,5,3,1;7,6,1,1;9,4,12,7;10,6,9,5;"
191,0,13,"1,1,1,1,1,1,1,1,1,1,1,1,1,1,2","4,4,4,4,4,4,4,4,4,4,4,4,4,4,4","8,0;8,2;8,4;8,6;8,8;4,0;4,2;0,8;4,6;4,8;0,0;0,2;4,4","1,2,2,2;1,2,2,2;1,2,2,2;1,2,2,2;1,2,2,2;1,2,2,2;1,2,2,2;;1,2,2,2;1,2,2,2;1,2,2,2;1,2,2,2;1,2,2,2","11,1,10,12;2,12,6,2;5,8,7,9;2,9,6,11;11,3,7,5;5,4,9,3;1,4,12,4;;5,1,10,10;3,10,6,12;8,2,6,1;3,9,7,11;4,8,7,8"
192,0,11,"1,1,1,1,1,1,1,1,1,1,1,2","4,4,4,4,4,4,4,4,4,4,4,4","8,0;8,2;8,4;8,6;4,0;4,2;4,4;4,6;0,0;0,6","1,1,1,1;1,1,1,1;1,1,1,1;1,1,1,1;1,1,1,1;1,1,1,1;1,1,1,1;1,1,1,1;1,1,1,1;","3,9,12,12;7,9,12,4;4,1,3,6;10,10,3,12;6,5,5,9;1,7,1,5;6,10,1,10;4,7,7,5;4,6,3,9;"
193,0,13,"1,1,1,1,1,1,1,1,1,1,1,1,1,1,2","4,4,4,4,4,4,4,4,4,4,4,4,4,4,4","8,0;8,2;8,4;8,6;8,8;4,0;4,2;4,4;4,6;4,8;0,0;0,2;0,8","1,1,1,1;1,1,1,1;1,1,1,1;1,1,1,1;1,1,1,1;1,1,1,1;1,1,1,1;1,1,1,1;1,1,1,1;1,1,1,1;1,1,1,1;1,1,1,1;","3,1,6,5;6,10,8,12;6,3,9,3;3,11,6,2;9,11,11,4;7,8,4,9;2,10,7,10;4,4,2,8;12,7,5,10;12,7,8,12;5,1,5,11;2,1,9,1;"
194,0,11,"1,1,1,1,1,1,1,1,1,1,1,2","4,4,4,4,4,4,4,4,4,4,4,4","8,0;8,2;8,4;8,6;4,0;4,2;4,4;4,6;0,0;0,6","1,2,2,2;1,2,2,2;1,2,2,2;1,2,2,2;1,2,2,2;1,2,2,2;1,2,2,2;1,2,2,2;1,2,2,2;","6,6,1,1;4,12,12,3;4,10,9,7;7,9,5,3;9,6,3,5;9,12,7,1;5,10,1,3;7,5,6,12;4,10,4,10;"
195,0,13,"1,1,1,1,1,1,1,1,1,1,1,1,1,1,2","4,4,4,4,4,4,4,4,4,4,4,4,4,4,4","8,0;8,2;8,4;8,6;8,8;4,0;4,2;4,4;4,6;4,8;0,0;0,2;0,8","1,1,1,1;1,1,1,1;1,1,1,1;1,1,1,1;1,1,1,1;1,1,1,1;1,1,1,1;1,1,1,1;1,1,1,1;1,1,1,1;1,1,1,1;1,1,1,1;","4,7,6,1;9,2,7,3;11,10,11,2;3,8,4,8;5,4,10,5;11,12,1,9;7,5,10,12;1,9,6,8;12,4,3,11;6,7,2,2;10,6,5,9;12,3,1,8;"
196,0,11,"1,1,1,1,1,1,1,1,1,1,1,2","4,4,4,4,4,4,4,4,4,4,4,4","8,0;8,2;8,4;8,6;4,0;4,2;4,4;4,6;0,0;0,6","1,1,1,1;1,1,1,1;1,1,1,1;1,1,1,1;1,1,1,1;1,1,1,1;1,1,1,1;1,1,1,1;1,1,1,1;","12,7,4,1;7,1,6,10;3,10,3,4;4,9,9,5;3,1,9,9;7,12,5,10;4,6,3,6;7,10,1,12;6,12,5,5;"
197,0,13,"1,1,1,1,1,1,1,1,1,1,1,1,1,1,2","4,4,4,4,4,4,4,4,4,4,4,4,4,4,4","8,0;8,2;8,4;8,6;8,8;4,0;4,2;4,4;4,6;4,8;0,0;0,2;0,8","1,2,2,2;1,2,2,2;1,2,2,2;1,2,2,2;1,2,2,2;1,2,2,2;1,2,2,2;1,2,2,2;1,2,2,2;1,2,2,2;1,2,2,2;1,2,2,2;","5,11,10,4;10,7,3,9;9,5,8,5;6,9,7,7;8,3,1,10;11,1,1,4;9,2,8,2;12,1,6,4;6,4,8,6;12,7,5,10;2,11,12,12;3,11,2,3;"
198,0,11,"1,1,1,1,1,1,1,1,1,1,1,2","4,4,4,4,4,4,4,4,4,4,4,4","8,0;8,2;8,4;8,6;4,0;4,2;4,4;4,6;0,0;0,6","1,1,1,1;1,1,1,1;1,1,1,1;1,1,1,1;1,1,1,1;1,1,1,1;1,1,1,1;1,1,1,1;1,1,1,1;","4,10,7,10;7,9,6,12;4,4,5,4;5,6,5,5;1,10,3,3;7,3,12,1;1,6,7,12;1,12,3,9;10,9,9,6;"
199,0,13,"1,1,1,1,1,1,1,1,1,1,1,1,1,1,2","4,4,4,4,4,4,4,4,4,4,4,4,4,4,4","8,0;8,2;8,4;8,6;8,8;4,0;4,2;4,4;4,6;4,8;0,0;0,2;0,8","1,1,1,1;1,1,1,1;1,1,1,1;1,1,1,1;1,1,1,1;1,1,1,1;1,1,1,1;1,1,1,1;1,1,1,1;1,1,1,1;1,1,1,1;1,1,1,1;","5,12,12,11;6,3,5,9;9,4,10,12;3,11,7,7;2,1,8,3;2,8,11,4;4,1,2,9;10,10,12,6;1,1,6,6;3,8,5,9;2,7,10,4;8,7,5,11;"
200,0,11,"1,1,1,1,1,1,1,1,1,1,1,2","4,4,4,4,4,4,4,4,4,4,4,4","8,0;8,2;8,4;8,6;4,0;4,2;4,4;4,6;0,0;0,6","1,2,2,2;1,2,2,2;1,2,2,2;1,2,2,2;1,2,2,2;1,2,2,2;1,2,2,2;1,2,2,2;1,2,2,2;","6,5,4,1;3,10,7,7;12,3,12,4;5,4,9,10;5,5,12,12;1,3,1,7;6,9,10,6;9,3,4,7;10,9,6,1;"